{"means_CN_all": [0.12758293838862558, 0.2803791469194313, 0.18502369668246446, 0.15412322274881515, 0.134218009478673], "means_CN_smaller9": [0.20755905511811024, 0.41543307086614173, 0.21700787401574803, 0.2516535433070866, 0.21858267716535434]}