{"PSE_Dict": {"Sn": 0.9272884960439738, "V": 0.8720751272574219, "Zn": 1.0, "Cl": 0.7428054593000627, "Fe": 0.8657800751508175, "W": 0.9289487145334115, "I": 0.8345574460809416, "Ce": 0.6448561167969026, "Cr": 0.83700134098158, "Rh": 1.0, "Si": 1.0, "Te": 0.7684497067847365, "Ca": 1.0, "Ru": 1.0, "N": 0.8099338276765359, "Bi": 0.6772503983037513, "As": 0.7377797560147547, "Mn": 0.7636165501801467, "Pd": 1.0, "Ge": 0.8924586304578452, "P": 0.8868309342290795, "B": 1.0, "Ti": 0.9315370834310263, "Se": 0.8572031287962668, "Nb": 0.9543055230691585, "Be": 1.0, "C": 1.0, "Ba": 1.0, "Cd": 1.0, "Mo": 0.9124987874825949, "S": 0.9167396558136647, "K": 1.0, "U": 0.8457890817160003, "Ga": 0.8345574460809416, "Pu": 0.820277629272694, "Pb": 0.7895931012296756, "Ag": 0.8572031287962668, "Rb": 1.0, "Tc": 1.0, "Co": 0.8345574460809416, "Au": 1.0, "Cu": 0.8345574460809416, "Zr": 1.0, "Sb": 0.7482083291006679, "Hg": 1.0, "Re": 1.0, "Os": 0.8393634539241918, "Al": 0.8657800751508175, "Eu": 1.0, "Pa": 1.0, "Hf": 1.0, "Th": 1.0, "Ac": 1.0, "Yb": 1.0, "La": 1.0, "Ir": 1.0, "Ta": 1.0, "Mg": 1.0, "Na": 1.0, "Sr": 1.0}, "Counter_cation": {"Sn": 22, "V": 104, "Zn": 3, "Cl": 24, "Fe": 16, "W": 91, "I": 8, "Ce": 29, "Cr": 14, "Rh": 2, "Si": 1341, "Te": 30, "Ca": 1, "Ru": 2, "N": 14, "Bi": 24, "As": 24, "Mn": 38, "Pd": 2, "Ge": 12, "P": 44, "B": 6, "Ti": 96, "Se": 28, "Nb": 63, "Be": 6, "C": 4, "Ba": 1, "Cd": 1, "Mo": 130, "S": 18, "K": 2, "U": 23, "Ga": 4, "Pu": 17, "Pb": 32, "Ag": 14, "Rb": 2, "Tc": 8, "Co": 8, "Au": 4, "Cu": 16, "Zr": 8, "Sb": 20, "Hg": 7, "Re": 7, "Os": 5, "Al": 24, "Eu": 1, "Pa": 1, "Hf": 12, "Th": 1, "Ac": 2, "Yb": 1, "La": 2, "Ir": 2, "Ta": 4, "Mg": 1, "Na": 2, "Sr": 1}}