{"PSE_Dict": {"Ba": 0.2839468095492249, "Cu": 0.5586592210535779, "Se": 0.8655066941516293, "B": 0.8457816910335266, "Lu": 0.5376614358658499, "Sm": 0.3694535597454551, "W": 0.8499566886785134, "Na": 0.24066014781777534, "P": 0.9981566829309726, "V": 0.7327398751724524, "Al": 0.8350102839814163, "Si": 0.9940507619460266, "Mn": 0.6571008535272015, "Nd": 0.32719449579941995, "Cs": 0.14517546135719572, "Ag": 0.35283937141635924, "Er": 0.466774652776202, "K": 0.10606207809684862, "Gd": 0.3989419507438394, "Zr": 0.6894508354249963, "Ti": 0.9211832709174123, "C": 0.94590675973763, "Li": 0.5885557769924568, "Cd": 0.4405371518468265, "Ta": 0.8284454688121133, "Sr": 0.3011489919037042, "Ir": 0.989565900773765, "Cl": 0.8005790943883844, "Tl": 0.25798626786061707, "Fe": 0.7399724168035868, "S": 0.9739669351204886, "Y": 0.4561850863342194, "Te": 0.5439569093361635, "Zn": 0.703989376213134, "Cr": 0.7390240741649632, "Co": 0.6779289774858418, "Ca": 0.28074870212463554, "Ga": 0.8474081611893077, "Bi": 0.306132753667091, "Sb": 0.6787767772909507, "Rb": 0.14240296621143522, "Mo": 0.7930688820429147, "Hg": 0.5346393664275672, "Ge": 0.8600443383518738, "Mg": 0.7610468790216237, "Be": 0.9425380626930703, "Ni": 0.895783146321628, "Dy": 0.4745718621760034, "Rh": 1.0, "Nb": 0.8305398819920918, "Sc": 0.8980916579957898, "La": 0.3458432900154557, "U": 0.7670221396628096, "Hf": 0.7568768479396359, "Eu": 0.4053803140572619, "Pd": 0.9469006553673411, "Pr": 0.32870490529473523, "Pb": 0.2208136253509862, "In": 0.779732928692306, "Sn": 0.7709136789226949, "Tb": 0.4765934706268398, "I": 0.5225461068226266, "Au": 0.901816766340186, "Os": 0.8539637954941799, "N": 0.9435157416853973, "Br": 0.835920668209796, "Yb": 0.49046332317514957, "Tm": 0.5325703339022001, "Ce": 0.3517773884211618, "Re": 0.7911989967362618, "Ru": 0.9615961267859967, "Pt": 0.8529787843829885, "As": 0.847754492866293, "Ho": 0.4477066825197881, "Th": 0.5739720835256985, "Np": 0.7674474836563504, "Tc": 0.8514228596421365, "Pa": 0.8345574460809416, "Pu": 0.6957421647351458, "Ac": 1.0}, "Counter_cation": {"Ba": 2389, "Cu": 1059, "Se": 1026, "B": 3530, "Lu": 228, "Sm": 518, "W": 811, "Na": 3353, "P": 8219, "V": 2280, "Al": 1602, "Si": 4483, "Mn": 1471, "Nd": 810, "Cs": 728, "Ag": 610, "Er": 389, "K": 2450, "Gd": 504, "Zr": 380, "Ti": 1170, "C": 320, "Li": 2640, "Cd": 610, "Ta": 692, "Sr": 1667, "Ir": 135, "Cl": 137, "Tl": 366, "Fe": 1432, "S": 1128, "Y": 692, "Te": 1450, "Zn": 1107, "Cr": 770, "Co": 670, "Ca": 1892, "Ga": 830, "Bi": 969, "Sb": 605, "Rb": 1092, "Mo": 2576, "Hg": 303, "Ge": 1284, "Mg": 756, "Be": 338, "Ni": 571, "Dy": 289, "Rh": 115, "Nb": 1135, "Sc": 285, "La": 965, "U": 791, "Hf": 101, "Eu": 367, "Pd": 119, "Pr": 491, "Pb": 768, "In": 356, "Sn": 291, "Tb": 277, "I": 606, "Au": 111, "Os": 74, "N": 880, "Br": 20, "Yb": 211, "Tm": 137, "Ce": 249, "Re": 198, "Ru": 318, "Pt": 85, "As": 959, "Ho": 287, "Th": 90, "Np": 16, "Tc": 35, "Pa": 2, "Pu": 29, "Ac": 2}}