{"PSE_Dict": {"In": 0.7697059780299722, "Ti": 0.9105071428520941, "Rb": 0.0981915171052365, "Pr": 0.36429693952416087, "N": 0.9440200022449916, "Mn": 0.6372365847091626, "V": 0.719666445332178, "Te": 0.5622006312151973, "Rh": 1.0, "Cd": 0.44740595119900906, "Ba": 0.2692069184672702, "B": 0.846028541038907, "Co": 0.6920646978133392, "Gd": 0.4017362911322781, "Nb": 0.8297361312822154, "K": 0.09299260288143667, "Nd": 0.3282112199314653, "Pd": 0.9479065887199155, "Li": 0.5788430016674498, "Ge": 0.8602289593757011, "S": 0.9751971625364697, "Mg": 0.764693703846058, "Si": 0.9941878833102359, "Ca": 0.28233769889189003, "Cr": 0.7499719035686432, "P": 0.9981953916178715, "Zn": 0.7005629631046162, "Sr": 0.2792749490043173, "W": 0.8488270243089484, "Na": 0.22632460856048675, "Ga": 0.8512402247860641, "C": 0.9494288570722019, "Ni": 0.8979702128629807, "Sc": 0.8820818195894099, "Fe": 0.7327390261311508, "Eu": 0.40642783289304274, "Cu": 0.552085533453607, "Mo": 0.7937691262774512, "Be": 0.9425380626930703, "Tb": 0.4699981777243225, "Re": 0.7909840768301113, "Dy": 0.470613963589821, "Bi": 0.30986836032334936, "Ho": 0.42474346514783917, "Y": 0.4494078798130706, "Sb": 0.6997110596308825, "Sm": 0.37369391198990454, "Yb": 0.4986135292323527, "Hf": 0.7568768479396359, "Ru": 0.9503471379632056, "Pb": 0.2203561692516313, "Sn": 0.7486994014335718, "Al": 0.8362099833403692, "La": 0.3461170315398618, "Zr": 0.6925628979692272, "Se": 0.8602856674157763, "As": 0.8495815358550457, "Er": 0.468222417882671, "Pt": 0.8552290156095569, "Ce": 0.3499541597717844, "Au": 0.9024507387268293, "U": 0.7742057114224311, "Tl": 0.25312452562550475, "I": 0.5955098874152528, "Ta": 0.8282965071514545, "Pa": 0.8345574460809416, "Hg": 0.4944389120291415, "Lu": 0.53766143586585, "Ag": 0.36923239873811764, "Np": 0.7674474836563504, "Cs": 0.12956686196804912, "Ir": 0.989565900773765, "Cl": 0.8005790943883844, "Tm": 0.5270382873873004, "Th": 0.5295463902623148, "Br": 0.7781254671437884, "Os": 0.8539637954941799, "Tc": 0.8514228596421365, "Pu": 0.6582746125079878, "Ac": 1.0}, "Counter_cation": {"In": 376, "Ti": 1173, "Rb": 1200, "Pr": 493, "N": 890, "Mn": 1499, "V": 2436, "Te": 1462, "Rh": 119, "Cd": 615, "Ba": 2443, "B": 3616, "Co": 685, "Gd": 504, "Nb": 1145, "K": 2816, "Nd": 820, "Pd": 122, "Li": 2717, "Ge": 1351, "S": 1198, "Mg": 761, "Si": 4608, "Ca": 1914, "Cr": 806, "P": 8421, "Zn": 1123, "Sr": 1779, "W": 819, "Na": 3422, "Ga": 870, "C": 349, "Ni": 601, "Sc": 289, "Fe": 1464, "Eu": 368, "Cu": 1092, "Mo": 2656, "Be": 338, "Tb": 280, "Re": 205, "Dy": 290, "Bi": 1068, "Ho": 289, "Y": 692, "Sb": 637, "Sm": 518, "Yb": 211, "Hf": 101, "Ru": 323, "Pb": 840, "Sn": 295, "Al": 1650, "La": 980, "Zr": 380, "Se": 1034, "As": 977, "Er": 391, "Pt": 87, "Ce": 251, "Au": 112, "U": 828, "Tl": 406, "I": 614, "Ta": 694, "Pa": 2, "Hg": 311, "Lu": 228, "Ag": 638, "Np": 16, "Cs": 767, "Ir": 135, "Cl": 137, "Tm": 137, "Th": 90, "Br": 22, "Os": 74, "Tc": 35, "Pu": 31, "Ac": 2}}