{"means_CN_all": [0.1261243644896363, 0.27473601877199844, 0.1845913179507235, 0.15213140398904967, 0.13296832225263983], "means_CN_smaller9": [0.20694214876033057, 0.42115702479338846, 0.22049586776859503, 0.2509090909090909, 0.21851239669421488]}