{"PSE_Dict": {"N": 0.8099338276765359, "Be": 1.0, "Se": 0.8572031287962668, "Cl": 0.7428054593000627, "Si": 1.0, "Hf": 1.0, "Fe": 0.8657800751508175, "Ti": 0.9315370834310263, "P": 0.8868309342290795, "V": 0.8720751272574219, "W": 0.9289487145334115, "Re": 1.0, "Mo": 0.9124987874825949, "Sn": 0.9272884960439738, "S": 0.9167396558136647, "Ag": 0.8572031287962668, "Mn": 0.7636165501801467, "Cu": 0.8345574460809416, "Rb": 1.0, "Pb": 0.7895931012296756, "C": 1.0, "Eu": 1.0, "Sr": 1.0, "B": 1.0, "Bi": 0.6772503983037513, "Ge": 0.8924586304578452, "Na": 1.0, "Ce": 0.6448561167969026, "Te": 0.7684497067847365, "Cr": 0.83700134098158, "Sb": 0.7482083291006679, "La": 1.0, "Th": 1.0, "Nb": 0.9543055230691585, "Al": 0.8657800751508175, "U": 0.8457890817160003, "K": 1.0, "As": 0.7377797560147547, "Os": 0.8393634539241918, "Cd": 1.0, "Zr": 1.0, "Hg": 1.0, "Zn": 1.0, "I": 0.8345574460809416, "Mg": 1.0, "Au": 1.0, "Ac": 1.0, "Pd": 1.0, "Tc": 1.0, "Pa": 1.0, "Co": 0.8345574460809416, "Rh": 1.0, "Ru": 1.0, "Ca": 1.0, "Pu": 0.820277629272694, "Yb": 1.0, "Ga": 0.8345574460809416, "Ba": 1.0, "Ir": 1.0, "Ta": 1.0}, "Counter_cation": {"N": 14, "Be": 6, "Se": 28, "Cl": 24, "Si": 1341, "Hf": 12, "Fe": 16, "Ti": 96, "P": 44, "V": 104, "W": 91, "Re": 7, "Mo": 130, "Sn": 22, "S": 18, "Ag": 14, "Mn": 38, "Cu": 16, "Rb": 2, "Pb": 32, "C": 4, "Eu": 1, "Sr": 1, "B": 6, "Bi": 24, "Ge": 12, "Na": 2, "Ce": 29, "Te": 30, "Cr": 14, "Sb": 20, "La": 2, "Th": 1, "Nb": 63, "Al": 24, "U": 23, "K": 2, "As": 24, "Os": 5, "Cd": 1, "Zr": 8, "Hg": 7, "Zn": 3, "I": 8, "Mg": 1, "Au": 4, "Ac": 2, "Pd": 2, "Tc": 8, "Pa": 1, "Co": 8, "Rh": 2, "Ru": 2, "Ca": 1, "Pu": 17, "Yb": 1, "Ga": 4, "Ba": 1, "Ir": 2, "Ta": 4}}