{"PSE_Dict": {"Sr": 0.2666404259582422, "C": 0.9065396061189827, "Ca": 0.269909763371993, "Ti": 0.9036376656092545, "Ga": 0.8334870609202831, "Gd": 0.35670941543053253, "Mg": 0.7247807705195564, "S": 0.9146008752630372, "Ba": 0.24410615215169712, "Al": 0.798328470394019, "Si": 0.9558442278381813, "Li": 0.5477124537855823, "Sb": 0.587730445137416, "W": 0.8102993481884906, "Nb": 0.8245597323667342, "Pd": 0.9460675944140771, "Bi": 0.25595116782710753, "Hg": 0.48432881585724114, "Ru": 0.9752848447059907, "P": 0.98272429509065, "Tl": 0.2967099824666159, "V": 0.7305358164660718, "Cu": 0.5163855458218376, "La": 0.35879797563124005, "Cs": 0.13378086936819641, "Zn": 0.6794398814540527, "Ni": 0.8467850875330536, "Pr": 0.31652369652322854, "K": 0.1105752370005936, "Sm": 0.3612928033046292, "Nd": 0.3384903086883475, "Na": 0.2184503086824273, "Fe": 0.7192330513654625, "Zr": 0.7715168481597222, "Te": 0.49734252988986244, "Eu": 0.34205715643950435, "Rb": 0.12533066983564228, "B": 0.8382938491543089, "Ta": 0.8199192724220785, "Cr": 0.7639596231845296, "U": 0.6715857267808744, "Y": 0.44066473042542964, "Re": 0.7953976091696022, "Cl": 0.7383205730834373, "Mn": 0.6231858632806098, "Cd": 0.4303740644730308, "In": 0.792048073130086, "Ge": 0.8456012263867206, "Mo": 0.726843890213446, "Sc": 0.7928548168522961, "Pb": 0.204031627213671, "Co": 0.6745288593617979, "Th": 0.4852940480157304, "Er": 0.40540466018274485, "Ag": 0.27903893402401986, "Hf": 0.843920778178736, "Sn": 0.6800731735554381, "Ir": 0.9296237157091075, "N": 0.5646170800945669, "Tm": 0.42500049722042293, "Yb": 0.5015233400372043, "Ho": 0.3992101471592757, "Be": 0.9706522358266034, "As": 0.8271253743109592, "Ce": 0.31753518154862725, "Tb": 0.35610734937309474, "Dy": 0.40009492304927463, "Lu": 0.4721108157293828, "Rh": 0.9202958877795605, "I": 0.5530928885330288, "Br": 1.0, "Se": 0.8915230380790871}, "Counter_cation": {"Sr": 1815, "C": 279, "Ca": 2161, "Ti": 1137, "Ga": 909, "Gd": 483, "Mg": 747, "S": 1217, "Ba": 2340, "Al": 1701, "Si": 5021, "Li": 2399, "Sb": 550, "W": 1030, "Nb": 1121, "Pd": 123, "Bi": 1273, "Hg": 312, "Ru": 280, "P": 8888, "Tl": 284, "V": 2607, "Cu": 1540, "La": 921, "Cs": 1196, "Zn": 1042, "Ni": 539, "Pr": 448, "K": 2489, "Sm": 351, "Nd": 655, "Na": 3248, "Fe": 1950, "Zr": 319, "Te": 1639, "Eu": 458, "Rb": 1038, "B": 4934, "Ta": 639, "Cr": 860, "U": 836, "Y": 584, "Re": 219, "Cl": 105, "Mn": 1578, "Cd": 573, "In": 394, "Ge": 1403, "Mo": 3389, "Sc": 361, "Pb": 765, "Co": 774, "Th": 156, "Er": 339, "Ag": 888, "Hf": 182, "Sn": 266, "Ir": 87, "N": 1117, "Tm": 185, "Yb": 300, "Ho": 252, "Be": 450, "As": 1196, "Ce": 343, "Tb": 275, "Dy": 238, "Lu": 204, "Rh": 100, "I": 592, "Br": 12, "Se": 990}}