{"PSE_Dict": {"Si": 1.0, "Os": 0.8393634539241918, "S": 0.9167396558136647, "V": 0.8720751272574219, "Cr": 0.83700134098158, "Te": 0.7684497067847365, "Mn": 0.7636165501801467, "Sb": 0.7482083291006679, "Nb": 0.9543055230691585, "Ce": 0.6448561167969026, "Se": 0.8572031287962668, "Zn": 1.0, "Co": 0.8345574460809416, "W": 0.9289487145334115, "Al": 0.8657800751508175, "Pb": 0.7895931012296756, "Ge": 0.8924586304578452, "Ac": 1.0, "Re": 1.0, "As": 0.7377797560147547, "Ti": 0.9315370834310263, "Cl": 0.7428054593000627, "Ir": 1.0, "Cd": 1.0, "Mo": 0.9124987874825949, "Ga": 0.8345574460809416, "U": 0.8457890817160003, "Tc": 1.0, "Bi": 0.6772503983037513, "Ag": 0.8572031287962668, "P": 0.8868309342290795, "Hf": 1.0, "C": 1.0, "Rh": 1.0, "N": 0.8099338276765359, "Cu": 0.8345574460809416, "I": 0.8345574460809416, "Fe": 0.8657800751508175, "Ba": 1.0, "Ru": 1.0, "Sn": 0.9272884960439738, "Pa": 1.0, "Sr": 1.0, "Zr": 1.0, "Pu": 0.820277629272694, "Be": 1.0, "La": 1.0, "Au": 1.0, "Rb": 1.0, "Eu": 1.0, "Yb": 1.0, "Ta": 1.0, "Ca": 1.0, "B": 1.0, "Hg": 1.0, "Na": 1.0, "Mg": 1.0, "K": 1.0, "Th": 1.0, "Pd": 1.0}, "Counter_cation": {"Si": 1341, "Os": 5, "S": 18, "V": 104, "Cr": 14, "Te": 30, "Mn": 38, "Sb": 20, "Nb": 63, "Ce": 29, "Se": 28, "Zn": 3, "Co": 8, "W": 91, "Al": 24, "Pb": 32, "Ge": 12, "Ac": 2, "Re": 7, "As": 24, "Ti": 96, "Cl": 24, "Ir": 2, "Cd": 1, "Mo": 130, "Ga": 4, "U": 23, "Tc": 8, "Bi": 24, "Ag": 14, "P": 44, "Hf": 12, "C": 4, "Rh": 2, "N": 14, "Cu": 16, "I": 8, "Fe": 16, "Ba": 1, "Ru": 2, "Sn": 22, "Pa": 1, "Sr": 1, "Zr": 8, "Pu": 17, "Be": 6, "La": 2, "Au": 4, "Rb": 2, "Eu": 1, "Yb": 1, "Ta": 4, "Ca": 1, "B": 6, "Hg": 7, "Na": 2, "Mg": 1, "K": 2, "Th": 1, "Pd": 2}}