{"means_CN_all": [0.6550218340611353, 0.7685589519650655, 0.6812227074235808, 0.6593886462882096, 0.6550218340611353], "means_CN_smaller9": [0.6550218340611353, 0.7685589519650655, 0.6812227074235808, 0.6593886462882096, 0.6550218340611353]}