{"PSE_Dict": {"Si": 1.0, "Cr": 0.83700134098158, "Os": 0.8393634539241918, "Ge": 0.8924586304578452, "Bi": 0.6772503983037513, "W": 0.9289487145334115, "I": 0.8345574460809416, "V": 0.8720751272574219, "Cl": 0.7428054593000627, "Sr": 1.0, "Nb": 0.9543055230691585, "Au": 1.0, "P": 0.8868309342290795, "N": 0.8099338276765359, "Mo": 0.9124987874825949, "Pd": 1.0, "Sn": 0.9272884960439738, "Ce": 0.6448561167969026, "Fe": 0.8657800751508175, "Ti": 0.9315370834310263, "Mn": 0.7636165501801467, "Cd": 1.0, "Eu": 1.0, "Zr": 1.0, "Pa": 1.0, "Te": 0.7684497067847365, "Be": 1.0, "Ba": 1.0, "Zn": 1.0, "Pu": 0.820277629272694, "Co": 0.8345574460809416, "Al": 0.8657800751508175, "S": 0.9167396558136647, "Sb": 0.7482083291006679, "Yb": 1.0, "Re": 1.0, "Cu": 0.8345574460809416, "Se": 0.8572031287962668, "Na": 1.0, "Ac": 1.0, "Th": 1.0, "Ir": 1.0, "Pb": 0.7895931012296756, "Hf": 1.0, "B": 1.0, "Hg": 1.0, "U": 0.8457890817160003, "Ta": 1.0, "Ag": 0.8572031287962668, "La": 1.0, "Mg": 1.0, "C": 1.0, "Ga": 0.8345574460809416, "As": 0.7377797560147547, "K": 1.0, "Ca": 1.0, "Ru": 1.0, "Rb": 1.0, "Rh": 1.0, "Tc": 1.0}, "Counter_cation": {"Si": 1341, "Cr": 14, "Os": 5, "Ge": 12, "Bi": 24, "W": 91, "I": 8, "V": 104, "Cl": 24, "Sr": 1, "Nb": 63, "Au": 4, "P": 44, "N": 14, "Mo": 130, "Pd": 2, "Sn": 22, "Ce": 29, "Fe": 16, "Ti": 96, "Mn": 38, "Cd": 1, "Eu": 1, "Zr": 8, "Pa": 1, "Te": 30, "Be": 6, "Ba": 1, "Zn": 3, "Pu": 17, "Co": 8, "Al": 24, "S": 18, "Sb": 20, "Yb": 1, "Re": 7, "Cu": 16, "Se": 28, "Na": 2, "Ac": 2, "Th": 1, "Ir": 2, "Pb": 32, "Hf": 12, "B": 6, "Hg": 7, "U": 23, "Ta": 4, "Ag": 14, "La": 2, "Mg": 1, "C": 4, "Ga": 4, "As": 24, "K": 2, "Ca": 1, "Ru": 2, "Rb": 2, "Rh": 2, "Tc": 8}}