{"PSE_Dict": {"Ti": 0.9105071428520941, "Nb": 0.8297361312822154, "Se": 0.8602856674157763, "Hg": 0.4944389120291413, "K": 0.09299260288143682, "W": 0.8488270243089484, "Bi": 0.30986836032334925, "Na": 0.22632460856048675, "Mg": 0.7646937038460582, "Si": 0.9941878833102359, "Ca": 0.2823376988918902, "Ge": 0.8602289593757011, "Al": 0.8362099833403692, "In": 0.7697059780299722, "Sm": 0.3736939119899045, "Mo": 0.7937691262774512, "Rb": 0.0981915171052368, "Li": 0.57884300166745, "Nd": 0.3282112199314653, "Ba": 0.2692069184672702, "Pb": 0.220356169251631, "P": 0.9981953916178715, "B": 0.846028541038907, "Y": 0.44940787981307057, "Zn": 0.7005629631046162, "Tl": 0.2531245256255049, "V": 0.719666445332178, "Te": 0.5622006312151974, "Sc": 0.8820818195894099, "Sn": 0.7486994014335718, "I": 0.5955098874152527, "Cu": 0.552085533453607, "As": 0.8495815358550457, "Ta": 0.8282965071514545, "Be": 0.9425380626930703, "Mn": 0.6372365847091624, "Fe": 0.7327390261311509, "Cr": 0.7499719035686432, "Gd": 0.4017362911322781, "La": 0.3461170315398618, "S": 0.9751971625364697, "Ho": 0.42474346514783917, "Ni": 0.8979702128629807, "Cl": 0.8005790943883844, "Ag": 0.3692323987381178, "Sb": 0.6997110596308825, "Eu": 0.4064278328930429, "Yb": 0.4986135292323527, "Dy": 0.470613963589821, "Cd": 0.447405951199009, "Tb": 0.4699981777243225, "Cs": 0.12956686196804926, "Co": 0.6920646978133392, "Th": 0.5295463902623148, "C": 0.9494288570722019, "Tm": 0.5270382873873005, "Rh": 1.0, "Ir": 0.989565900773765, "N": 0.9440200022449916, "Zr": 0.6925628979692272, "Ru": 0.9503471379632056, "Ga": 0.8512402247860641, "Er": 0.468222417882671, "Pt": 0.8552290156095569, "Pr": 0.3642969395241608, "Br": 0.7781254671437884, "Sr": 0.27927494900431715, "U": 0.7742057114224311, "Os": 0.8539637954941799, "Pd": 0.9479065887199155, "Tc": 0.8514228596421365, "Re": 0.7909840768301113, "Lu": 0.53766143586585, "Np": 0.7674474836563504, "Ce": 0.34995415977178435, "Au": 0.9024507387268293, "Pa": 0.8345574460809416, "Hf": 0.7568768479396359, "Ac": 1.0, "Pu": 0.6582746125079878}, "Counter_cation": {"Ti": 1173, "Nb": 1145, "Se": 1034, "Hg": 311, "K": 2816, "W": 819, "Bi": 1068, "Na": 3422, "Mg": 761, "Si": 4608, "Ca": 1914, "Ge": 1351, "Al": 1650, "In": 376, "Sm": 518, "Mo": 2656, "Rb": 1200, "Li": 2717, "Nd": 820, "Ba": 2443, "Pb": 840, "P": 8421, "B": 3616, "Y": 692, "Zn": 1123, "Tl": 406, "V": 2436, "Te": 1462, "Sc": 289, "Sn": 295, "I": 614, "Cu": 1092, "As": 977, "Ta": 694, "Be": 338, "Mn": 1499, "Fe": 1464, "Cr": 806, "Gd": 504, "La": 980, "S": 1198, "Ho": 289, "Ni": 601, "Cl": 137, "Ag": 638, "Sb": 637, "Eu": 368, "Yb": 211, "Dy": 290, "Cd": 615, "Tb": 280, "Cs": 767, "Co": 685, "Th": 90, "C": 349, "Tm": 137, "Rh": 119, "Ir": 135, "N": 890, "Zr": 380, "Ru": 323, "Ga": 870, "Er": 391, "Pt": 87, "Pr": 493, "Br": 22, "Sr": 1779, "U": 828, "Os": 74, "Pd": 122, "Tc": 35, "Re": 205, "Lu": 228, "Np": 16, "Ce": 251, "Au": 112, "Pa": 2, "Hf": 101, "Ac": 2, "Pu": 31}}