{"PSE_Dict": {"K": 0.10606207809684833, "Mo": 0.7930688820429147, "P": 0.9981566829309726, "Ni": 0.895783146321628, "Ba": 0.28394680954922535, "Zr": 0.6894508354249963, "V": 0.7327398751724524, "Pr": 0.32870490529473523, "B": 0.8457816910335266, "W": 0.8499566886785134, "Li": 0.5885557769924568, "Si": 0.9940507619460266, "Be": 0.9425380626930703, "Ca": 0.2807487021246358, "Mg": 0.7610468790216237, "Ti": 0.9211832709174123, "La": 0.3458432900154556, "Al": 0.8350102839814163, "Cu": 0.558659221053578, "Yb": 0.4904633231751495, "Mn": 0.6571008535272016, "Nb": 0.8305398819920918, "Eu": 0.40538031405726194, "Co": 0.6779289774858418, "Sb": 0.6787767772909507, "Bi": 0.3061327536670907, "As": 0.847754492866293, "Cr": 0.7390240741649632, "S": 0.9739669351204886, "Sc": 0.8980916579957898, "Tl": 0.25798626786061674, "Sr": 0.3011489919037039, "Fe": 0.7399724168035868, "Na": 0.2406601478177752, "Er": 0.466774652776202, "Te": 0.5439569093361633, "Ge": 0.8600443383518738, "Pb": 0.2208136253509862, "Re": 0.7911989967362618, "Ta": 0.8284454688121135, "U": 0.7670221396628096, "Tb": 0.47659347062684, "Y": 0.45618508633421945, "Ir": 0.989565900773765, "Cs": 0.1451754613571959, "Ag": 0.35283937141635924, "Ac": 1.0, "Os": 0.8539637954941799, "Zn": 0.703989376213134, "Th": 0.5739720835256985, "Cd": 0.4405371518468263, "Ce": 0.3517773884211618, "Lu": 0.53766143586585, "Rb": 0.14240296621143567, "In": 0.7797329286923063, "Dy": 0.4745718621760034, "I": 0.5225461068226266, "Gd": 0.3989419507438395, "Ga": 0.8474081611893077, "Pt": 0.8529787843829885, "Se": 0.8655066941516293, "Ru": 0.9615961267859967, "Nd": 0.32719449579941984, "N": 0.9435157416853973, "Ho": 0.44770668251978796, "Hg": 0.5346393664275669, "Cl": 0.8005790943883844, "Sn": 0.7709136789226949, "Sm": 0.3694535597454551, "Tm": 0.5325703339022001, "Pd": 0.9469006553673411, "Au": 0.901816766340186, "Rh": 1.0, "C": 0.94590675973763, "Hf": 0.756876847939636, "Pu": 0.6957421647351458, "Br": 0.835920668209796, "Np": 0.7674474836563504, "Pa": 0.8345574460809416, "Tc": 0.8514228596421365}, "Counter_cation": {"K": 2450, "Mo": 2576, "P": 8219, "Ni": 571, "Ba": 2389, "Zr": 380, "V": 2280, "Pr": 491, "B": 3530, "W": 811, "Li": 2640, "Si": 4483, "Be": 338, "Ca": 1892, "Mg": 756, "Ti": 1170, "La": 965, "Al": 1602, "Cu": 1059, "Yb": 211, "Mn": 1471, "Nb": 1135, "Eu": 367, "Co": 670, "Sb": 605, "Bi": 969, "As": 959, "Cr": 770, "S": 1128, "Sc": 285, "Tl": 366, "Sr": 1667, "Fe": 1432, "Na": 3353, "Er": 389, "Te": 1450, "Ge": 1284, "Pb": 768, "Re": 198, "Ta": 692, "U": 791, "Tb": 277, "Y": 692, "Ir": 135, "Cs": 728, "Ag": 610, "Ac": 2, "Os": 74, "Zn": 1107, "Th": 90, "Cd": 610, "Ce": 249, "Lu": 228, "Rb": 1092, "In": 356, "Dy": 289, "I": 606, "Gd": 504, "Ga": 830, "Pt": 85, "Se": 1026, "Ru": 318, "Nd": 810, "N": 880, "Ho": 287, "Hg": 303, "Cl": 137, "Sn": 291, "Sm": 518, "Tm": 137, "Pd": 119, "Au": 111, "Rh": 115, "C": 320, "Hf": 101, "Pu": 29, "Br": 20, "Np": 16, "Pa": 2, "Tc": 35}}