{"means_CN_all": [0.1261243644896363, 0.2745404771216269, 0.1845913179507235, 0.15213140398904967, 0.13296832225263983], "means_CN_smaller9": [0.20687376074025116, 0.42101784534038333, 0.22042300066093853, 0.25082617316589556, 0.21844018506278917]}