{"PSE_Dict": {"Co": 0.8345574460809416, "Si": 1.0, "Ti": 0.9758297941472349, "Zr": 0.8345574460809416, "Pd": 1.0, "V": 0.8971105905160388, "Sr": 1.0, "Al": 0.8657800751508175, "N": 0.8099338276765359, "Ga": 0.8345574460809416, "Cl": 0.7428054593000627, "Sn": 0.9272884960439738, "B": 1.0, "Na": 1.0, "Te": 0.728637164196708, "Sb": 0.7482083291006679, "Se": 0.8572031287962668, "Nb": 0.9543055230691585, "Re": 1.0, "Mn": 0.7636165501801467, "W": 0.9289487145334115, "P": 0.8868309342290795, "S": 0.9167396558136647, "Ce": 0.6448561167969026, "Mo": 0.9124987874825949, "Rh": 1.0, "U": 0.8457890817160003, "Cr": 0.83700134098158, "Ag": 0.8572031287962668, "Tc": 1.0, "La": 1.0, "Pu": 0.820277629272694, "Au": 1.0, "Pb": 0.7895931012296756, "As": 0.7377797560147547, "Cu": 0.8345574460809416, "Ir": 1.0, "Ca": 1.0, "Os": 0.8393634539241918, "Ge": 0.8924586304578452, "Zn": 1.0, "Bi": 0.6103185041054978, "Cd": 1.0, "Hf": 1.0, "Fe": 0.8657800751508175, "Be": 1.0, "C": 1.0, "Hg": 1.0, "Yb": 1.0, "Ru": 1.0, "Pa": 1.0, "Ta": 1.0, "Ac": 1.0, "K": 1.0, "Mg": 1.0, "Rb": 1.0, "Ba": 1.0, "Eu": 1.0, "Th": 1.0, "I": 1.0}, "Counter_cation": {"Co": 8, "Si": 1341, "Ti": 96, "Zr": 8, "Pd": 2, "V": 104, "Sr": 1, "Al": 24, "N": 14, "Ga": 4, "Cl": 24, "Sn": 22, "B": 6, "Na": 2, "Te": 30, "Sb": 20, "Se": 28, "Nb": 63, "Re": 7, "Mn": 38, "W": 91, "P": 44, "S": 18, "Ce": 29, "Mo": 130, "Rh": 2, "U": 23, "Cr": 14, "Ag": 14, "Tc": 8, "La": 2, "Pu": 17, "Au": 4, "Pb": 32, "As": 24, "Cu": 16, "Ir": 2, "Ca": 1, "Os": 5, "Ge": 12, "Zn": 3, "Bi": 24, "Cd": 1, "Hf": 12, "Fe": 16, "Be": 6, "C": 4, "Hg": 7, "Yb": 1, "Ru": 2, "Pa": 1, "Ta": 4, "Ac": 2, "K": 2, "Mg": 1, "Rb": 2, "Ba": 1, "Eu": 1, "Th": 1, "I": 8}}