{"PSE_Dict": {"Pb": 0.7895931012296756, "Sr": 1.0, "Ir": 1.0, "Te": 0.728637164196708, "Cl": 0.7428054593000627, "Sn": 0.9272884960439738, "Si": 1.0, "W": 0.9289487145334115, "Bi": 0.6103185041054979, "Nb": 0.9543055230691585, "V": 0.8971105905160388, "Mo": 0.9124987874825949, "Ti": 0.9758297941472349, "Cd": 1.0, "Ac": 1.0, "Al": 0.8657800751508175, "La": 1.0, "Zr": 0.8345574460809416, "Tc": 1.0, "Mn": 0.7636165501801467, "Se": 0.8572031287962668, "Cr": 0.83700134098158, "Pd": 1.0, "Be": 1.0, "Ba": 1.0, "I": 1.0, "Cu": 0.8345574460809416, "Ag": 0.8572031287962668, "Fe": 0.8657800751508175, "P": 0.8868309342290795, "Rh": 1.0, "Ce": 0.6448561167969026, "As": 0.7377797560147547, "Co": 0.8345574460809416, "Os": 0.8393634539241918, "Re": 1.0, "Hf": 1.0, "Au": 1.0, "Rb": 1.0, "Th": 1.0, "Sb": 0.7482083291006679, "Ge": 0.8924586304578452, "Hg": 1.0, "U": 0.8457890817160003, "Ga": 0.8345574460809416, "Zn": 1.0, "S": 0.9167396558136647, "Ta": 1.0, "N": 0.8099338276765359, "Eu": 1.0, "Na": 1.0, "K": 1.0, "Ca": 1.0, "Pu": 0.820277629272694, "Pa": 1.0, "Yb": 1.0, "C": 1.0, "Ru": 1.0, "Mg": 1.0, "B": 1.0}, "Counter_cation": {"Pb": 32, "Sr": 1, "Ir": 2, "Te": 30, "Cl": 24, "Sn": 22, "Si": 1341, "W": 91, "Bi": 24, "Nb": 63, "V": 104, "Mo": 130, "Ti": 96, "Cd": 1, "Ac": 2, "Al": 24, "La": 2, "Zr": 8, "Tc": 8, "Mn": 38, "Se": 28, "Cr": 14, "Pd": 2, "Be": 6, "Ba": 1, "I": 8, "Cu": 16, "Ag": 14, "Fe": 16, "P": 44, "Rh": 2, "Ce": 29, "As": 24, "Co": 8, "Os": 5, "Re": 7, "Hf": 12, "Au": 4, "Rb": 2, "Th": 1, "Sb": 20, "Ge": 12, "Hg": 7, "U": 23, "Ga": 4, "Zn": 3, "S": 18, "Ta": 4, "N": 14, "Eu": 1, "Na": 2, "K": 2, "Ca": 1, "Pu": 17, "Pa": 1, "Yb": 1, "C": 4, "Ru": 2, "Mg": 1, "B": 6}}