{"PSE_Dict": {"Tl": 0.2531245256255049, "V": 0.719666445332178, "Cs": 0.12956686196804912, "Li": 0.57884300166745, "Mo": 0.7937691262774512, "Zn": 0.7005629631046162, "Ba": 0.26920691846727, "Ho": 0.42474346514783917, "Pr": 0.36429693952416087, "W": 0.8488270243089484, "Rb": 0.0981915171052365, "Al": 0.8362099833403692, "P": 0.9981953916178715, "Si": 0.9941878833102359, "Sm": 0.37369391198990454, "Co": 0.6920646978133392, "La": 0.3461170315398618, "Ir": 0.989565900773765, "Ce": 0.3499541597717845, "K": 0.09299260288143682, "Ti": 0.9105071428520941, "Na": 0.22632460856048675, "As": 0.8495815358550457, "Se": 0.8602856674157763, "Pd": 0.9479065887199155, "Cu": 0.552085533453607, "Sr": 0.279274949004317, "Sc": 0.8820818195894099, "Cr": 0.7499719035686432, "Eu": 0.40642783289304274, "C": 0.9494288570722019, "Bi": 0.30986836032334936, "Mn": 0.6372365847091626, "Ta": 0.8282965071514545, "Ge": 0.8602289593757011, "In": 0.7697059780299722, "Cd": 0.44740595119900906, "Sb": 0.6997110596308825, "Ca": 0.28233769889189037, "Ru": 0.9503471379632056, "Nd": 0.3282112199314651, "Dy": 0.470613963589821, "Mg": 0.7646937038460582, "Nb": 0.8297361312822154, "N": 0.9440200022449916, "Er": 0.46822241788267094, "B": 0.846028541038907, "Ga": 0.8512402247860641, "Fe": 0.7327390261311509, "Te": 0.5622006312151974, "U": 0.7742057114224311, "Pb": 0.22035616925163085, "Ni": 0.8979702128629807, "Ag": 0.36923239873811764, "Be": 0.9425380626930703, "Gd": 0.4017362911322781, "Os": 0.8539637954941799, "Lu": 0.53766143586585, "Yb": 0.4986135292323527, "S": 0.9751971625364697, "Sn": 0.7486994014335718, "Zr": 0.6925628979692272, "I": 0.5955098874152528, "Tb": 0.46999817772432245, "Re": 0.7909840768301113, "Y": 0.44940787981307057, "Th": 0.5295463902623148, "Pa": 0.8345574460809416, "Rh": 1.0, "Hg": 0.4944389120291414, "Pt": 0.8552290156095569, "Np": 0.7674474836563504, "Br": 0.7781254671437884, "Au": 0.9024507387268293, "Tm": 0.5270382873873004, "Hf": 0.7568768479396359, "Cl": 0.8005790943883844, "Pu": 0.6582746125079877, "Tc": 0.8514228596421365, "Ac": 1.0}, "Counter_cation": {"Tl": 406, "V": 2436, "Cs": 767, "Li": 2717, "Mo": 2656, "Zn": 1123, "Ba": 2443, "Ho": 289, "Pr": 493, "W": 819, "Rb": 1200, "Al": 1650, "P": 8421, "Si": 4608, "Sm": 518, "Co": 685, "La": 980, "Ir": 135, "Ce": 251, "K": 2816, "Ti": 1173, "Na": 3422, "As": 977, "Se": 1034, "Pd": 122, "Cu": 1092, "Sr": 1779, "Sc": 289, "Cr": 806, "Eu": 368, "C": 349, "Bi": 1068, "Mn": 1499, "Ta": 694, "Ge": 1351, "In": 376, "Cd": 615, "Sb": 637, "Ca": 1914, "Ru": 323, "Nd": 820, "Dy": 290, "Mg": 761, "Nb": 1145, "N": 890, "Er": 391, "B": 3616, "Ga": 870, "Fe": 1464, "Te": 1462, "U": 828, "Pb": 840, "Ni": 601, "Ag": 638, "Be": 338, "Gd": 504, "Os": 74, "Lu": 228, "Yb": 211, "S": 1198, "Sn": 295, "Zr": 380, "I": 614, "Tb": 280, "Re": 205, "Y": 692, "Th": 90, "Pa": 2, "Rh": 119, "Hg": 311, "Pt": 87, "Np": 16, "Br": 22, "Au": 112, "Tm": 137, "Hf": 101, "Cl": 137, "Pu": 31, "Tc": 35, "Ac": 2}}