{"PSE_Dict": {"Cs": 0.06779661016949153, "Ta": 0.8040345821325648, "P": 0.9990499940624629, "Ti": 0.9241261722080136, "Ba": 0.280392959476054, "Ge": 0.8364174685418209, "Tb": 0.21428571428571427, "Ho": 0.1522491349480969, "I": 0.495114006514658, "Be": 0.9349112426035503, "B": 0.6537610619469026, "Rb": 0.06, "W": 0.8205128205128205, "Ru": 0.9566563467492261, "Yb": 0.32701421800947866, "Zn": 0.5903829029385574, "Pt": 0.8160919540229885, "Sc": 0.8996539792387543, "As": 0.8024564994882293, "V": 0.4330870279146141, "Si": 0.9963107638888888, "Ca": 0.15308254963427378, "C": 0.9541547277936963, "Na": 0.15692577440093514, "S": 0.9799666110183639, "Fe": 0.6960382513661202, "Er": 0.17902813299232737, "Bi": 0.15543071161048688, "Sb": 0.6169544740973313, "Co": 0.6145985401459854, "Te": 0.3228454172366621, "U": 0.5555555555555556, "Cu": 0.3873626373626374, "Pb": 0.10357142857142858, "La": 0.1510204081632653, "Dy": 0.16551724137931034, "Mn": 0.61974649766511, "Li": 0.5053367684946632, "K": 0.053267045454545456, "Mo": 0.5749246987951807, "Al": 0.6842424242424242, "Cr": 0.5099255583126551, "Ni": 0.913477537437604, "Pr": 0.1663286004056795, "Y": 0.20520231213872833, "Sr": 0.20011242270938728, "Nb": 0.8139737991266376, "Ag": 0.3652037617554859, "Nd": 0.1475609756097561, "Gd": 0.17261904761904762, "Sm": 0.1640926640926641, "Cl": 0.7445255474452555, "Tl": 0.1896551724137931, "Eu": 0.20108695652173914, "Re": 0.6390243902439025, "Ga": 0.7540229885057471, "In": 0.7606382978723404, "Cd": 0.37886178861788616, "Os": 0.8378378378378378, "Mg": 0.7477003942181341, "Lu": 0.2719298245614035, "Ce": 0.199203187250996, "Hg": 0.4694533762057878, "Au": 0.8928571428571429, "Ir": 0.9925925925925926, "Tm": 0.24817518248175183, "Pd": 0.9508196721311475, "Rh": 1.0, "Sn": 0.7152542372881356, "Zr": 0.6342105263157894, "N": 0.952808988764045, "Se": 0.793036750483559, "Br": 0.6818181818181818, "Ac": 1.0, "Tc": 0.6857142857142857, "Pu": 0.3870967741935484, "Th": 0.26666666666666666, "Hf": 0.6831683168316832, "Np": 0.5, "Pa": 0.5}, "Counter_cation": {"Cs": 767, "Ta": 694, "P": 8421, "Ti": 1173, "Ba": 2443, "Ge": 1351, "Tb": 280, "Ho": 289, "I": 614, "Be": 338, "B": 3616, "Rb": 1200, "W": 819, "Ru": 323, "Yb": 211, "Zn": 1123, "Pt": 87, "Sc": 289, "As": 977, "V": 2436, "Si": 4608, "Ca": 1914, "C": 349, "Na": 3422, "S": 1198, "Fe": 1464, "Er": 391, "Bi": 1068, "Sb": 637, "Co": 685, "Te": 1462, "U": 828, "Cu": 1092, "Pb": 840, "La": 980, "Dy": 290, "Mn": 1499, "Li": 2717, "K": 2816, "Mo": 2656, "Al": 1650, "Cr": 806, "Ni": 601, "Pr": 493, "Y": 692, "Sr": 1779, "Nb": 1145, "Ag": 638, "Nd": 820, "Gd": 504, "Sm": 518, "Cl": 137, "Tl": 406, "Eu": 368, "Re": 205, "Ga": 870, "In": 376, "Cd": 615, "Os": 74, "Mg": 761, "Lu": 228, "Ce": 251, "Hg": 311, "Au": 112, "Ir": 135, "Tm": 137, "Pd": 122, "Rh": 119, "Sn": 295, "Zr": 380, "N": 890, "Se": 1034, "Br": 22, "Ac": 2, "Tc": 35, "Pu": 31, "Th": 90, "Hf": 101, "Np": 16, "Pa": 2}}