mp-id;formula;structure_type;cations;valences;CNs;Bond valence sum
mp-22869;ClO3;mp-22869;['Cl', 'Cl', 'Cl', 'Cl'];[7, 7, 5, 5];['4', '4', '2', '2'];[1.75, 1.75, 1.75, 1.75, 2.5, 2.5, 2.5, 2.5, 1.75, 1.75, 1.75, 1.75]
mp-504769;N2O5;mp-504769;['N', 'N', 'N', 'N'];[5, 5, 5, 5];['2', '3', '2', '3'];[2.5, 2.5, 1.6666666666666667, 2.5, 1.6666666666666667, 1.6666666666666667, 1.6666666666666667, 1.6666666666666667, 2.5, 1.6666666666666667]
