{"PSE_Dict": {"B": 0.846028541038907, "Fe": 0.7327390261311509, "Ni": 0.8979702128629807, "Cu": 0.552085533453607, "Tm": 0.5270382873873004, "Rb": 0.09819151710523695, "Nb": 0.8297361312822154, "Si": 0.9941878833102359, "P": 0.9981953916178715, "K": 0.09299260288143653, "Mo": 0.7937691262774512, "V": 0.7211324953039673, "Sr": 0.2792749490043173, "Zn": 0.7005629631046162, "Pb": 0.22006880352221458, "Sm": 0.37369391198990454, "Na": 0.22632460856048675, "Mg": 0.7646937038460582, "S": 0.9751971625364697, "La": 0.3461170315398618, "Ga": 0.8512402247860641, "Ba": 0.26920691846727, "U": 0.7742057114224311, "Sc": 0.8820818195894099, "Ti": 0.9105071428520941, "Lu": 0.53766143586585, "Eu": 0.4064278328930427, "Ca": 0.2823376988918902, "Ge": 0.8602289593757011, "In": 0.7697059780299722, "Pr": 0.3642969395241609, "Os": 0.8539637954941799, "Al": 0.8362099833403692, "Cr": 0.7499719035686432, "Sb": 0.6997110596308825, "Sn": 0.7486994014335718, "Nd": 0.3282112199314653, "Er": 0.46822241788267094, "Mn": 0.6372365847091626, "Gd": 0.401736291132278, "Ho": 0.42474346514783917, "Yb": 0.4986135292323526, "Se": 0.8602856674157763, "Be": 0.9425380626930703, "Cs": 0.12956686196804912, "Pt": 0.8552290156095569, "Bi": 0.30986836032334925, "Y": 0.4494078798130705, "Th": 0.5295463902623148, "Cd": 0.44740595119900917, "W": 0.8488270243089484, "Tb": 0.4699981777243226, "Li": 0.57884300166745, "Co": 0.6920646978133392, "N": 0.9440200022449916, "Ag": 0.3692323987381176, "Ta": 0.8282965071514546, "Cl": 0.8005790943883844, "Ru": 0.9503471379632056, "Re": 0.7909840768301113, "Te": 0.5622006312151973, "Tl": 0.25312452562550475, "Hg": 0.4944389120291414, "Rh": 1.0, "Zr": 0.6925628979692272, "C": 0.9494288570722019, "As": 0.8495815358550457, "I": 0.5955098874152527, "Ir": 0.989565900773765, "Pd": 0.9479065887199155, "Au": 0.9024507387268293, "Dy": 0.470613963589821, "Ce": 0.3499541597717845, "Hf": 0.7568768479396359, "Pu": 0.6582746125079878, "Pa": 0.8345574460809416, "Tc": 0.8514228596421365, "Br": 0.7781254671437884, "Np": 0.7674474836563504, "Ac": 1.0}, "Counter_cation": {"B": 3616, "Fe": 1464, "Ni": 601, "Cu": 1092, "Tm": 137, "Rb": 1200, "Nb": 1145, "Si": 4608, "P": 8421, "K": 2816, "Mo": 2656, "V": 2432, "Sr": 1779, "Zn": 1123, "Pb": 838, "Sm": 518, "Na": 3422, "Mg": 761, "S": 1198, "La": 980, "Ga": 870, "Ba": 2443, "U": 828, "Sc": 289, "Ti": 1173, "Lu": 228, "Eu": 368, "Ca": 1914, "Ge": 1351, "In": 376, "Pr": 493, "Os": 74, "Al": 1650, "Cr": 806, "Sb": 637, "Sn": 295, "Nd": 820, "Er": 391, "Mn": 1499, "Gd": 504, "Ho": 289, "Yb": 211, "Se": 1034, "Be": 338, "Cs": 767, "Pt": 87, "Bi": 1068, "Y": 692, "Th": 90, "Cd": 615, "W": 819, "Tb": 280, "Li": 2717, "Co": 685, "N": 890, "Ag": 638, "Ta": 694, "Cl": 137, "Ru": 323, "Re": 205, "Te": 1462, "Tl": 406, "Hg": 311, "Rh": 119, "Zr": 380, "C": 349, "As": 977, "I": 614, "Ir": 135, "Pd": 122, "Au": 112, "Dy": 290, "Ce": 251, "Hf": 101, "Pu": 31, "Pa": 2, "Tc": 35, "Br": 22, "Np": 16, "Ac": 2}}