{"PSE_Dict": {"Yb": 0.4986135292323526, "Co": 0.6920646978133392, "Bi": 0.30986836032334936, "S": 0.9751971625364697, "Se": 0.8602856674157763, "Mg": 0.7646937038460582, "P": 0.9981953916178715, "Ba": 0.2692069184672702, "B": 0.846028541038907, "Mn": 0.6372365847091626, "V": 0.719666445332178, "Ag": 0.36923239873811764, "Tl": 0.25312452562550475, "K": 0.09299260288143667, "Fe": 0.7327390261311509, "Pb": 0.220356169251631, "As": 0.8495815358550457, "Li": 0.57884300166745, "Sn": 0.7486994014335718, "Cd": 0.44740595119900917, "In": 0.7697059780299722, "Ce": 0.3499541597717844, "N": 0.9440200022449916, "Cu": 0.5520855334536071, "La": 0.34611703153986173, "Si": 0.9941878833102359, "Ca": 0.2823376988918902, "Zr": 0.6925628979692272, "Te": 0.5622006312151974, "Al": 0.8362099833403692, "Tm": 0.5270382873873004, "Ru": 0.9503471379632056, "Sr": 0.27927494900431715, "Sb": 0.6997110596308825, "Nd": 0.3282112199314653, "Ge": 0.8602289593757011, "Cr": 0.7499719035686432, "Cs": 0.1295668619680488, "Na": 0.22632460856048675, "Y": 0.44940787981307057, "W": 0.8488270243089484, "Zn": 0.7005629631046162, "Ti": 0.9105071428520941, "Mo": 0.7937691262774512, "U": 0.7742057114224311, "I": 0.5955098874152528, "Ni": 0.8979702128629807, "Ho": 0.42474346514783917, "Pt": 0.8552290156095569, "Rb": 0.09819151710523666, "Sc": 0.8820818195894099, "Tb": 0.46999817772432245, "Gd": 0.401736291132278, "Eu": 0.4064278328930428, "Nb": 0.8297361312822154, "Ga": 0.8512402247860641, "Pr": 0.3642969395241607, "Dy": 0.470613963589821, "Hf": 0.7568768479396359, "Cl": 0.8005790943883844, "Re": 0.7909840768301113, "Th": 0.5295463902623149, "Au": 0.9024507387268293, "Ir": 0.989565900773765, "Sm": 0.3736939119899045, "Np": 0.7674474836563504, "Hg": 0.4944389120291414, "Ta": 0.8282965071514545, "Os": 0.8539637954941799, "Be": 0.9425380626930703, "Lu": 0.53766143586585, "Pd": 0.9479065887199155, "C": 0.9494288570722019, "Rh": 1.0, "Br": 0.7781254671437884, "Er": 0.468222417882671, "Ac": 1.0, "Pu": 0.6582746125079877, "Tc": 0.8514228596421365, "Pa": 0.8345574460809416}, "Counter_cation": {"Yb": 211, "Co": 685, "Bi": 1068, "S": 1198, "Se": 1034, "Mg": 761, "P": 8421, "Ba": 2443, "B": 3616, "Mn": 1499, "V": 2436, "Ag": 638, "Tl": 406, "K": 2816, "Fe": 1464, "Pb": 840, "As": 977, "Li": 2717, "Sn": 295, "Cd": 615, "In": 376, "Ce": 251, "N": 890, "Cu": 1092, "La": 980, "Si": 4608, "Ca": 1914, "Zr": 380, "Te": 1462, "Al": 1650, "Tm": 137, "Ru": 323, "Sr": 1779, "Sb": 637, "Nd": 820, "Ge": 1351, "Cr": 806, "Cs": 767, "Na": 3422, "Y": 692, "W": 819, "Zn": 1123, "Ti": 1173, "Mo": 2656, "U": 828, "I": 614, "Ni": 601, "Ho": 289, "Pt": 87, "Rb": 1200, "Sc": 289, "Tb": 280, "Gd": 504, "Eu": 368, "Nb": 1145, "Ga": 870, "Pr": 493, "Dy": 290, "Hf": 101, "Cl": 137, "Re": 205, "Th": 90, "Au": 112, "Ir": 135, "Sm": 518, "Np": 16, "Hg": 311, "Ta": 694, "Os": 74, "Be": 338, "Lu": 228, "Pd": 122, "C": 349, "Rh": 119, "Br": 22, "Er": 391, "Ac": 2, "Pu": 31, "Tc": 35, "Pa": 2}}