{"means_CN_all": [0.11764705882352941, 0.25926672038678483, 0.16720386784850927, 0.13940370668815472, 0.12248186946011282], "means_CN_smaller9": [0.19907076483202288, 0.4156540385989993, 0.20907791279485347, 0.2376697641172266, 0.2069335239456755]}