{"PSE_Dict": {"Zn": 0.7039893762131341, "Te": 0.5439565068685974, "As": 0.847754492866293, "Pb": 0.2208136253509862, "Cs": 0.14517546135719572, "Al": 0.8350102839814163, "P": 0.9981566829309726, "La": 0.34584329001545555, "Sc": 0.8980916579957898, "Se": 0.8655066941516293, "Ba": 0.28438459922546194, "K": 0.10628297780228832, "Fe": 0.7399724168035868, "Mo": 0.7930688820429147, "Na": 0.24061916698230723, "Ge": 0.8600443383518738, "Y": 0.45618508633421945, "Li": 0.5885557769924568, "B": 0.8457816910335266, "Si": 0.9940507619460266, "Rb": 0.14274868894868872, "U": 0.7670221396628096, "N": 0.9435157416853973, "Tm": 0.5325703339022001, "Ce": 0.35177738842116196, "S": 0.9739669351204886, "V": 0.7327398751724524, "Sr": 0.3011489919037039, "Ru": 0.9615961267859967, "Cd": 0.4405371518468264, "Eu": 0.4053803140572619, "Pr": 0.32870490529473523, "Os": 0.8539637954941799, "Nb": 0.8305398819920918, "Mn": 0.6571008535272016, "Cr": 0.7390240741649632, "Pd": 0.9469006553673411, "Ta": 0.8284454688121135, "Co": 0.6779289774858418, "Yb": 0.49046332317514957, "Mg": 0.7610468790216235, "Tl": 0.2579862678606169, "Lu": 0.53766143586585, "Ti": 0.9211832709174123, "Sm": 0.3694535597454551, "Th": 0.5739720835256985, "Bi": 0.3046356727172236, "Ca": 0.2808972491541618, "Ho": 0.447706682519788, "Cu": 0.5586592210535781, "Ga": 0.8474081611893077, "Be": 0.9425380626930703, "Rh": 1.0, "I": 0.5225461068226266, "Zr": 0.6894508354249963, "Nd": 0.32719449579941995, "Sb": 0.6787767772909507, "Er": 0.466774652776202, "In": 0.779732928692306, "Tb": 0.47659347062683993, "Sn": 0.7709136789226949, "Ni": 0.895783146321628, "Pt": 0.8529787843829885, "W": 0.8499566886785134, "C": 0.94590675973763, "Hg": 0.5346393664275669, "Pu": 0.6957421647351458, "Gd": 0.3989419507438394, "Dy": 0.4745718621760034, "Cl": 0.8005790943883844, "Ir": 0.989565900773765, "Re": 0.7911989967362618, "Ag": 0.3528393714163594, "Pa": 0.8345574460809416, "Au": 0.901816766340186, "Np": 0.7674474836563504, "Hf": 0.7568768479396359, "Br": 0.835920668209796, "Tc": 0.8514228596421365, "Ac": 1.0}, "Counter_cation": {"Zn": 1107, "Te": 1450, "As": 959, "Pb": 768, "Cs": 728, "Al": 1602, "P": 8219, "La": 965, "Sc": 285, "Se": 1026, "Ba": 2389, "K": 2450, "Fe": 1432, "Mo": 2576, "Na": 3353, "Ge": 1284, "Y": 692, "Li": 2640, "B": 3530, "Si": 4483, "Rb": 1092, "U": 791, "N": 880, "Tm": 137, "Ce": 249, "S": 1128, "V": 2280, "Sr": 1667, "Ru": 318, "Cd": 610, "Eu": 367, "Pr": 491, "Os": 74, "Nb": 1135, "Mn": 1471, "Cr": 770, "Pd": 119, "Ta": 692, "Co": 670, "Yb": 211, "Mg": 756, "Tl": 366, "Lu": 228, "Ti": 1170, "Sm": 518, "Th": 90, "Bi": 969, "Ca": 1892, "Ho": 287, "Cu": 1059, "Ga": 830, "Be": 338, "Rh": 115, "I": 606, "Zr": 380, "Nd": 810, "Sb": 605, "Er": 389, "In": 356, "Tb": 277, "Sn": 291, "Ni": 571, "Pt": 85, "W": 811, "C": 320, "Hg": 303, "Pu": 29, "Gd": 504, "Dy": 289, "Cl": 137, "Ir": 135, "Re": 198, "Ag": 610, "Pa": 2, "Au": 111, "Np": 16, "Hf": 101, "Br": 20, "Tc": 35, "Ac": 2}}