{"means_CN_all": [0.6462882096069869, 0.7729257641921398, 0.6724890829694323, 0.6506550218340611, 0.6462882096069869], "means_CN_smaller9": [0.6462882096069869, 0.7729257641921398, 0.6724890829694323, 0.6506550218340611, 0.6462882096069869]}