{"La": {"ratio_oxide": 0.7897727272727273, "radius": 1.39}, "Na": {"ratio_oxide": 0.5397727272727273, "radius": 0.95}, "Nb": {"ratio_oxide": 0.5681818181818182, "radius": 1.0}, "Al": {"ratio_oxide": 0.4090909090909091, "radius": 0.72}, "C": {"ratio_oxide": 0.16477272727272727, "radius": 0.29}, "Li": {"ratio_oxide": 0.3409090909090909, "radius": 0.6}, "Pb": {"ratio_oxide": 0.6022727272727273, "radius": 1.06}, "Sc": {"ratio_oxide": 0.6022727272727273, "radius": 1.06}, "Tl": {"ratio_oxide": 0.6534090909090909, "radius": 1.15}, "Rb": {"ratio_oxide": 0.8409090909090909, "radius": 1.48}, "Ti": {"ratio_oxide": 0.5454545454545454, "radius": 0.96}, "Te": {"ratio_oxide": 0.4659090909090909, "radius": 0.82}, "Be": {"ratio_oxide": 0.25, "radius": 0.44}, "Ba": {"ratio_oxide": 0.8693181818181818, "radius": 1.53}, "Bi": {"ratio_oxide": 0.5568181818181818, "radius": 0.98}, "Br": {"ratio_oxide": 0.3522727272727273, "radius": 0.62}, "Hg": {"ratio_oxide": 0.7102272727272727, "radius": 1.25}, "Cs": {"ratio_oxide": 0.9602272727272727, "radius": 1.69}, "Mg": {"ratio_oxide": 0.4659090909090909, "radius": 0.82}, "B": {"ratio_oxide": 0.19886363636363635, "radius": 0.35}, "F": {"ratio_oxide": 0.10795454545454546, "radius": 0.19}, "I": {"ratio_oxide": 0.4375, "radius": 0.77}, "Sr": {"ratio_oxide": 0.75, "radius": 1.32}, "K": {"ratio_oxide": 0.7556818181818182, "radius": 1.33}, "Mn": {"ratio_oxide": 0.42613636363636365, "radius": 0.75}, "N": {"ratio_oxide": 0.14204545454545456, "radius": 0.25}, "P": {"ratio_oxide": 0.3352272727272727, "radius": 0.59}, "S": {"ratio_oxide": 0.30113636363636365, "radius": 0.53}, "Sn": {"ratio_oxide": 0.5454545454545454, "radius": 0.96}, "V": {"ratio_oxide": 0.5, "radius": 0.88}, "Y": {"ratio_oxide": 0.6818181818181818, "radius": 1.2}, "Sb": {"ratio_oxide": 0.5056818181818182, "radius": 0.89}, "Se": {"ratio_oxide": 0.375, "radius": 0.66}, "Zn": {"ratio_oxide": 0.5, "radius": 0.88}, "Ge": {"ratio_oxide": 0.4318181818181818, "radius": 0.76}, "Ag": {"ratio_oxide": 0.7159090909090909, "radius": 1.26}, "Cl": {"ratio_oxide": 0.2784090909090909, "radius": 0.49}, "Ca": {"ratio_oxide": 0.6704545454545454, "radius": 1.18}, "Si": {"ratio_oxide": 0.3693181818181818, "radius": 0.65}, "Ce": {"ratio_oxide": 0.7215909090909091, "radius": 1.27}, "Cd": {"ratio_oxide": 0.6477272727272727, "radius": 1.14}, "As": {"ratio_oxide": 0.4034090909090909, "radius": 0.71}, "Au": {"ratio_oxide": 0.7784090909090909, "radius": 1.37}, "Cu": {"ratio_oxide": 0.5454545454545454, "radius": 0.96}, "Ga": {"ratio_oxide": 0.4602272727272727, "radius": 0.81}, "In": {"ratio_oxide": 0.5909090909090909, "radius": 1.04}, "Mo": {"ratio_oxide": 0.5284090909090909, "radius": 0.93}, "Cr": {"ratio_oxide": 0.4602272727272727, "radius": 0.81}, "Zr": {"ratio_oxide": 0.6193181818181818, "radius": 1.09}}