{"PSE_Dict": {"Pr": 0.1663286004056795, "Te": 0.3228454172366621, "Mo": 0.5749246987951807, "Li": 0.5053367684946632, "In": 0.7606382978723404, "Re": 0.6390243902439025, "Ca": 0.15308254963427378, "V": 0.4330870279146141, "La": 0.1510204081632653, "Ge": 0.8364174685418209, "Cd": 0.37886178861788616, "Mn": 0.61974649766511, "Dy": 0.16551724137931034, "I": 0.495114006514658, "B": 0.6537610619469026, "Ba": 0.280392959476054, "Gd": 0.17261904761904762, "Cs": 0.06779661016949153, "C": 0.9541547277936963, "Y": 0.20520231213872833, "Si": 0.9963107638888888, "P": 0.9990499940624629, "K": 0.053267045454545456, "W": 0.8205128205128205, "Sr": 0.20011242270938728, "Lu": 0.2719298245614035, "Ir": 0.9925925925925926, "Na": 0.15692577440093514, "Hf": 0.6831683168316832, "Mg": 0.7477003942181341, "Cr": 0.5099255583126551, "Cu": 0.3873626373626374, "Sb": 0.6169544740973313, "Ga": 0.7540229885057471, "Rb": 0.06, "Zn": 0.5903829029385574, "Nb": 0.8139737991266376, "Al": 0.6842424242424242, "Bi": 0.15543071161048688, "U": 0.5555555555555556, "Os": 0.8378378378378378, "Tb": 0.21428571428571427, "Nd": 0.1475609756097561, "Sc": 0.8996539792387543, "Tl": 0.1896551724137931, "Eu": 0.20108695652173914, "Ho": 0.1522491349480969, "Co": 0.6145985401459854, "Rh": 1.0, "Sn": 0.7152542372881356, "As": 0.8024564994882293, "Fe": 0.6960382513661202, "Ni": 0.913477537437604, "Pb": 0.10357142857142858, "Ta": 0.8040345821325648, "N": 0.952808988764045, "Ti": 0.9241261722080136, "Cl": 0.7445255474452555, "Se": 0.793036750483559, "Pd": 0.9508196721311475, "S": 0.9799666110183639, "Zr": 0.6342105263157894, "Ru": 0.9566563467492261, "Yb": 0.32701421800947866, "Sm": 0.1640926640926641, "Ce": 0.199203187250996, "Th": 0.26666666666666666, "Er": 0.17902813299232737, "Au": 0.8928571428571429, "Ag": 0.3652037617554859, "Hg": 0.4694533762057878, "Pt": 0.8160919540229885, "Tm": 0.24817518248175183, "Pa": 0.5, "Be": 0.9349112426035503, "Pu": 0.3870967741935484, "Br": 0.6818181818181818, "Tc": 0.6857142857142857, "Ac": 1.0, "Np": 0.5}, "Counter_cation": {"Pr": 493, "Te": 1462, "Mo": 2656, "Li": 2717, "In": 376, "Re": 205, "Ca": 1914, "V": 2436, "La": 980, "Ge": 1351, "Cd": 615, "Mn": 1499, "Dy": 290, "I": 614, "B": 3616, "Ba": 2443, "Gd": 504, "Cs": 767, "C": 349, "Y": 692, "Si": 4608, "P": 8421, "K": 2816, "W": 819, "Sr": 1779, "Lu": 228, "Ir": 135, "Na": 3422, "Hf": 101, "Mg": 761, "Cr": 806, "Cu": 1092, "Sb": 637, "Ga": 870, "Rb": 1200, "Zn": 1123, "Nb": 1145, "Al": 1650, "Bi": 1068, "U": 828, "Os": 74, "Tb": 280, "Nd": 820, "Sc": 289, "Tl": 406, "Eu": 368, "Ho": 289, "Co": 685, "Rh": 119, "Sn": 295, "As": 977, "Fe": 1464, "Ni": 601, "Pb": 840, "Ta": 694, "N": 890, "Ti": 1173, "Cl": 137, "Se": 1034, "Pd": 122, "S": 1198, "Zr": 380, "Ru": 323, "Yb": 211, "Sm": 518, "Ce": 251, "Th": 90, "Er": 391, "Au": 112, "Ag": 638, "Hg": 311, "Pt": 87, "Tm": 137, "Pa": 2, "Be": 338, "Pu": 31, "Br": 22, "Tc": 35, "Ac": 2, "Np": 16}}