{"means_CN_all": [0.07215836526181353, 0.22541507024265645, 0.10312899106002554, 0.0884418901660281, 0.07343550446998723], "means_CN_smaller9": [0.12507444907683143, 0.37224538415723646, 0.12983918999404406, 0.15544967242406194, 0.1262656343061346]}