{"PSE_Dict": {"V": 0.4456899884035562, "Sr": 0.20334412081984898, "Li": 0.5157122905027933, "B": 0.6561651276480174, "In": 0.7738693467336684, "Ba": 0.29717341482047366, "Sc": 0.9036544850498339, "Se": 0.7943396226415095, "Cr": 0.5107655502392344, "Ta": 0.7751633986928105, "Na": 0.1548974943052392, "Nb": 0.8227654698242933, "K": 0.05152868430092752, "La": 0.1608738828202582, "Tl": 0.18906605922551253, "Rb": 0.05825242718446602, "Dy": 0.16891891891891891, "W": 0.8370607028753994, "Pt": 0.8160919540229885, "Bi": 0.15009041591320071, "P": 0.9990788716177317, "Pb": 0.09897610921501707, "Ca": 0.14995083579154375, "Cs": 0.06524466750313676, "Ge": 0.8382559774964838, "Pd": 0.9508196721311475, "Cu": 0.37584459459459457, "Nd": 0.14419695193434937, "Yb": 0.2874493927125506, "Te": 0.31741761936785473, "Ti": 0.9318497913769124, "Mn": 0.6317383403997577, "U": 0.532130777903044, "As": 0.79313824419778, "Mo": 0.5831541218637993, "Ag": 0.36390977443609024, "Co": 0.6021220159151194, "Y": 0.23204419889502761, "Hg": 0.4605678233438486, "Re": 0.6137339055793991, "Si": 0.9969347277316986, "Tb": 0.2191780821917808, "Ni": 0.9084967320261438, "N": 0.952076677316294, "Fe": 0.6977025392986699, "Sb": 0.6197836166924265, "S": 0.9803439803439803, "Al": 0.6872270742358079, "Sm": 0.1717557251908397, "Ga": 0.7454954954954955, "Sn": 0.7263843648208469, "Pr": 0.16996047430830039, "Er": 0.1766109785202864, "Mg": 0.748395378690629, "I": 0.5299401197604791, "Tm": 0.2482758620689655, "Cd": 0.3774193548387097, "Zn": 0.5896995708154507, "Eu": 0.19689119170984457, "Be": 0.9352941176470588, "Ho": 0.15017064846416384, "Th": 0.26666666666666666, "Ce": 0.19083969465648856, "Ru": 0.9596541786743515, "Cl": 0.7445255474452555, "Lu": 0.2966101694915254, "C": 0.9578947368421052, "Ir": 0.993006993006993, "Os": 0.8461538461538461, "Gd": 0.169921875, "Rh": 0.9490445859872612, "Zr": 0.6463104325699746, "Hf": 0.7168141592920354, "Pu": 0.3870967741935484, "Au": 0.8333333333333334, "Br": 0.6818181818181818, "Tc": 0.7027027027027027, "Np": 0.5, "Pa": 0.5, "Ac": 1.0}, "Counter_cation": {"V": 2587, "Sr": 1854, "Li": 2864, "B": 3682, "In": 398, "Ba": 2618, "Sc": 301, "Se": 1060, "Cr": 836, "Ta": 765, "Na": 3512, "Nb": 1309, "K": 2911, "La": 1007, "Tl": 439, "Rb": 1236, "Dy": 296, "W": 939, "Pt": 87, "Bi": 1106, "P": 8685, "Pb": 879, "Ca": 2034, "Cs": 797, "Ge": 1422, "Pd": 122, "Cu": 1184, "Nd": 853, "Yb": 247, "Te": 1487, "Ti": 1438, "Mn": 1651, "U": 887, "As": 991, "Mo": 2790, "Ag": 665, "Co": 754, "Y": 724, "Hg": 317, "Re": 233, "Si": 5546, "Tb": 292, "Ni": 612, "N": 939, "Fe": 1654, "Sb": 647, "S": 1221, "Al": 1832, "Sm": 524, "Ga": 888, "Sn": 307, "Pr": 506, "Er": 419, "Mg": 779, "I": 668, "Tm": 145, "Cd": 620, "Zn": 1165, "Eu": 386, "Be": 340, "Ho": 293, "Th": 90, "Ce": 262, "Ru": 347, "Cl": 137, "Lu": 236, "C": 380, "Ir": 143, "Os": 78, "Gd": 512, "Rh": 157, "Zr": 393, "Hf": 113, "Pu": 31, "Au": 120, "Br": 22, "Tc": 37, "Np": 32, "Pa": 2, "Ac": 2}}