{"PSE_Dict": {"Sr": 0.14983164983164984, "C": 0.8802395209580839, "Ca": 0.16070222822417285, "Ti": 0.9003215434083601, "Ba": 0.1524277811923786, "Al": 0.5940425531914894, "Si": 0.9465857359635812, "S": 0.9095330739299611, "Li": 0.4650900900900901, "Sb": 0.5946666666666667, "W": 0.7716535433070866, "Nb": 0.8698979591836735, "Bi": 0.09547123623011015, "Pd": 0.9393939393939394, "Hg": 0.4052863436123348, "Ru": 0.9622641509433962, "P": 0.9874603632170654, "Tl": 0.19339622641509435, "V": 0.4557457212713936, "Zn": 0.555858310626703, "Cs": 0.08324768756423433, "K": 0.055780933062880324, "Pr": 0.11042944785276074, "Ni": 0.919889502762431, "Sm": 0.16194331983805668, "Nd": 0.14849187935034802, "Fe": 0.6915146708961142, "Cu": 0.2283464566929134, "Zr": 0.8482142857142857, "Te": 0.29436860068259385, "La": 0.20182094081942337, "Rb": 0.0847457627118644, "B": 0.6252285191956124, "Ta": 0.8169014084507042, "Cr": 0.6, "Y": 0.2457002457002457, "Re": 0.5343511450381679, "Na": 0.1591417076441663, "Cl": 0.5897435897435898, "U": 0.6057401812688822, "In": 0.8297872340425532, "Ge": 0.797979797979798, "Pb": 0.08153078202995008, "Mo": 0.4422782874617737, "Mn": 0.630784708249497, "Mg": 0.7632058287795993, "Co": 0.5526315789473685, "Er": 0.13793103448275862, "Cd": 0.35523114355231145, "Ag": 0.2577639751552795, "Sn": 0.7336448598130841, "Ir": 1.0, "Ho": 0.2028985507246377, "Tm": 0.24561403508771928, "Yb": 0.3229166666666667, "N": 0.6705020920502092, "Be": 0.9783783783783784, "Ce": 0.1522491349480969, "Ga": 0.7581227436823105, "Tb": 0.1590909090909091, "Dy": 0.2727272727272727, "Rh": 0.8857142857142857, "Lu": 0.19718309859154928, "Th": 0.2926829268292683, "As": 0.7541322314049587, "Br": 1.0, "Se": 0.8798185941043084, "I": 0.475, "Gd": 0.16721311475409836, "Eu": 0.15894039735099338, "Sc": 0.850828729281768, "Hf": 0.92}, "Counter_cation": {"Sr": 1188, "C": 167, "Ca": 1481, "Ti": 622, "Ba": 1627, "Al": 1175, "Si": 3295, "S": 1028, "Li": 1776, "Sb": 375, "W": 762, "Nb": 784, "Bi": 817, "Pd": 66, "Hg": 227, "Ru": 159, "P": 6938, "Tl": 212, "V": 2045, "Zn": 734, "Cs": 973, "K": 1972, "Pr": 326, "Ni": 362, "Sm": 247, "Nd": 431, "Fe": 1261, "Cu": 1143, "Zr": 224, "Te": 1172, "La": 659, "Rb": 826, "B": 3829, "Ta": 426, "Cr": 580, "Y": 407, "Re": 131, "Na": 2237, "Cl": 78, "U": 662, "In": 282, "Ge": 990, "Pb": 601, "Mo": 2616, "Mn": 994, "Mg": 549, "Co": 570, "Er": 232, "Cd": 411, "Ag": 644, "Sn": 214, "Ir": 58, "Ho": 138, "Tm": 114, "Yb": 192, "N": 956, "Be": 370, "Ce": 289, "Ga": 554, "Tb": 176, "Dy": 132, "Rh": 70, "Lu": 142, "Th": 82, "As": 968, "Br": 8, "Se": 882, "I": 480, "Gd": 305, "Eu": 302, "Sc": 181, "Hf": 150}}