{"PSE_Dict": {"Cr": 0.8811180889000166, "Ta": 0.9094506889904915, "Cu": 0.7829029464191525, "In": 0.8939775743822757, "Lu": 0.7808922152288574, "B": 0.9263294722484781, "Li": 0.8000449686806489, "C": 0.9773045555238591, "Ba": 0.6528255079050482, "Nb": 0.9169472220565492, "U": 0.880965249830335, "Ca": 0.6555202730295626, "Te": 0.7877220747603781, "Si": 0.9976187651253607, "Nd": 0.6764291332518872, "Ga": 0.9276163085440609, "Sr": 0.6541602346357213, "Be": 0.9725573639509653, "Na": 0.6285833199212626, "Yb": 0.7578576424735795, "P": 0.9991575367316239, "Rb": 0.5664578192218606, "Eu": 0.7166373363511815, "S": 0.9882850648812666, "Fe": 0.8710845598941763, "As": 0.925927841525567, "Cs": 0.5776953223941164, "Al": 0.9222640407314187, "Sm": 0.7004282001065443, "Pb": 0.6258818368952805, "Mg": 0.8877612296789194, "W": 0.930943979642495, "La": 0.6864669358509696, "Ir": 0.9952293667960909, "Zn": 0.8542095841428746, "Sb": 0.8567534195980744, "Mo": 0.9018436546444891, "Sc": 0.9452271143667134, "Bi": 0.6669240009948071, "Ni": 0.9494652205800096, "Gd": 0.7115390708694669, "Re": 0.8895166163500874, "Ti": 0.9606312183066452, "V": 0.8662872887258006, "K": 0.5640338291104716, "Er": 0.7431611749111032, "Pd": 0.9750152541044153, "Pr": 0.696033716679681, "Mn": 0.8280943106912751, "Sn": 0.8827193728787187, "Tl": 0.6379808604902298, "Cd": 0.7340967163451986, "Cl": 0.9043548784665895, "Zr": 0.8557382014821672, "Se": 0.9318475076639454, "Rh": 0.9769538520484122, "Os": 0.9325416596589418, "I": 0.8139886086652125, "Co": 0.8534821245689557, "Y": 0.7398129981272097, "Ge": 0.9334905034075286, "Dy": 0.7467419267274674, "Ru": 0.9774947193885596, "Hg": 0.7536082105047285, "Tm": 0.7651478265348565, "Tb": 0.743835257386812, "Tc": 0.930334928903554, "Ce": 0.6887103059935363, "Ag": 0.693472343747242, "Ho": 0.7247633512546642, "Pt": 0.9305657631326648, "Hf": 0.8914511280268792, "Th": 0.7743637130661407, "Au": 0.9282944710506466, "N": 0.9728712970833928, "Br": 0.8935857973610317, "Pu": 0.836103611517139, "Ac": 1.0, "Np": 0.8827848730715919, "Pa": 0.9206513824222425}, "Counter_cation": {"Cr": 836, "Ta": 765, "Cu": 1184, "In": 398, "Lu": 236, "B": 3682, "Li": 2864, "C": 380, "Ba": 2618, "Nb": 1309, "U": 887, "Ca": 2034, "Te": 1487, "Si": 5546, "Nd": 853, "Ga": 888, "Sr": 1854, "Be": 340, "Na": 3512, "Yb": 247, "P": 8685, "Rb": 1236, "Eu": 386, "S": 1221, "Fe": 1654, "As": 991, "Cs": 797, "Al": 1832, "Sm": 524, "Pb": 879, "Mg": 779, "W": 939, "La": 1007, "Ir": 143, "Zn": 1165, "Sb": 647, "Mo": 2790, "Sc": 301, "Bi": 1106, "Ni": 612, "Gd": 512, "Re": 233, "Ti": 1438, "V": 2587, "K": 2911, "Er": 419, "Pd": 122, "Pr": 506, "Mn": 1651, "Sn": 307, "Tl": 439, "Cd": 620, "Cl": 137, "Zr": 393, "Se": 1060, "Rh": 157, "Os": 78, "I": 668, "Co": 754, "Y": 724, "Ge": 1422, "Dy": 296, "Ru": 347, "Hg": 317, "Tm": 145, "Tb": 292, "Tc": 37, "Ce": 262, "Ag": 665, "Ho": 293, "Pt": 87, "Hf": 113, "Th": 90, "Au": 120, "N": 939, "Br": 22, "Pu": 31, "Ac": 2, "Np": 32, "Pa": 2}}