{"means_CN_all": [0.1275587566338135, 0.28032600454890066, 0.18498862774829417, 0.15409401061410158, 0.13419257012888552], "means_CN_smaller9": [0.20749370277078086, 0.4153022670025189, 0.2169395465994962, 0.2515743073047859, 0.21851385390428213]}