{"PSE_Dict": {"Sr": 0.2668412464718775, "C": 0.8853718563309154, "Ca": 0.2749215315872328, "Ti": 0.8944235215070068, "Ba": 0.23189436338917616, "Al": 0.789487864884109, "Si": 0.943579217178776, "S": 0.9109439840759163, "Li": 0.5434964983097373, "Sb": 0.6291598209056528, "W": 0.8211102242659843, "Nb": 0.8515688599054932, "Bi": 0.26355177906877914, "Pd": 0.9454294237447647, "Hg": 0.47189384036534626, "Ru": 0.9616482569721653, "P": 0.9812277206335794, "Tl": 0.2867472493807153, "V": 0.720293804734138, "Zn": 0.6993919840408718, "Cs": 0.14602363805952864, "K": 0.11382013005164418, "Pr": 0.33559104633733816, "Ni": 0.9039876121732168, "Sm": 0.3920012597022948, "Nd": 0.3680845477772948, "Fe": 0.7315495746860967, "Cu": 0.5191094825735193, "Zr": 0.8448586919132071, "Te": 0.4925247485840447, "La": 0.36970953796113304, "Rb": 0.147007624383862, "B": 0.8387193058396613, "Ta": 0.8352431252260339, "Cr": 0.7718375187462982, "Y": 0.42180956796984875, "Re": 0.7455343681115405, "Na": 0.23344632846862126, "Cl": 0.7502687892838619, "U": 0.6955591225459512, "In": 0.8189345725577604, "Ge": 0.8428615775521042, "Pb": 0.23096100370346156, "Mo": 0.729247067672638, "Mn": 0.6406900880673851, "Mg": 0.7808884663739667, "Co": 0.6651967557741569, "Er": 0.3863060164578759, "Cd": 0.45534363165492586, "Ag": 0.29606165178790433, "Sn": 0.7244693982220812, "Ir": 1.0, "Ho": 0.4438476841344352, "Tm": 0.46819383562772654, "Yb": 0.5069739394250068, "N": 0.6102078344514632, "Be": 0.9751089758195945, "Ce": 0.3393925686669461, "Ga": 0.8310302697010029, "Tb": 0.3927465315135981, "Dy": 0.4708666002423509, "Rh": 0.9151760901247625, "Lu": 0.45655247909779767, "Th": 0.548184263066105, "As": 0.82116407509285, "Br": 1.0, "Se": 0.9031590820129597, "I": 0.5518402630145955, "Gd": 0.37846416038261266, "Eu": 0.34786821615194863, "Sc": 0.8376358742610143, "Hf": 0.9213084309967007}, "Counter_cation": {"Sr": 1188, "C": 167, "Ca": 1481, "Ti": 622, "Ba": 1627, "Al": 1175, "Si": 3295, "S": 1028, "Li": 1776, "Sb": 375, "W": 762, "Nb": 784, "Bi": 817, "Pd": 66, "Hg": 227, "Ru": 159, "P": 6938, "Tl": 212, "V": 2045, "Zn": 734, "Cs": 973, "K": 1972, "Pr": 326, "Ni": 362, "Sm": 247, "Nd": 431, "Fe": 1261, "Cu": 1143, "Zr": 224, "Te": 1172, "La": 659, "Rb": 826, "B": 3829, "Ta": 426, "Cr": 580, "Y": 407, "Re": 131, "Na": 2237, "Cl": 78, "U": 662, "In": 282, "Ge": 990, "Pb": 601, "Mo": 2616, "Mn": 994, "Mg": 549, "Co": 570, "Er": 232, "Cd": 411, "Ag": 644, "Sn": 214, "Ir": 58, "Ho": 138, "Tm": 114, "Yb": 192, "N": 956, "Be": 370, "Ce": 289, "Ga": 554, "Tb": 176, "Dy": 132, "Rh": 70, "Lu": 142, "Th": 82, "As": 968, "Br": 8, "Se": 882, "I": 480, "Gd": 305, "Eu": 302, "Sc": 181, "Hf": 150}}