{"PSE_Dict": {"Si": 1.0, "Os": 0.6, "S": 0.8888888888888888, "V": 0.8461538461538461, "Cr": 0.5714285714285714, "Te": 0.5333333333333333, "Mn": 0.5789473684210527, "Sb": 0.4, "Nb": 0.9523809523809523, "Ce": 0.41379310344827586, "Se": 0.7142857142857143, "Zn": 1.0, "Co": 0.5, "W": 0.9120879120879121, "Al": 0.75, "Pb": 0.5, "Ge": 0.8333333333333334, "Ac": 1.0, "Re": 1.0, "As": 0.3333333333333333, "Ti": 0.9166666666666666, "Cl": 0.4166666666666667, "Ir": 1.0, "Cd": 1.0, "Mo": 0.9076923076923077, "Ga": 0.5, "U": 0.6521739130434783, "Tc": 1.0, "Bi": 0.4166666666666667, "Ag": 0.7142857142857143, "P": 0.8181818181818182, "Hf": 1.0, "C": 1.0, "Rh": 1.0, "N": 0.7142857142857143, "Cu": 0.5, "I": 0.5, "Fe": 0.75, "Ba": 1.0, "Ru": 1.0, "Sn": 0.9090909090909091, "Pa": 1.0, "Sr": 1.0, "Zr": 1.0, "Pu": 0.7058823529411765, "Be": 1.0, "La": 1.0, "Au": 1.0, "Rb": 1.0, "Eu": 1.0, "Yb": 1.0, "Ta": 1.0, "Ca": 1.0, "B": 1.0, "Hg": 1.0, "Na": 1.0, "Mg": 1.0, "K": 1.0, "Th": 1.0, "Pd": 1.0}, "Counter_cation": {"Si": 1341, "Os": 5, "S": 18, "V": 104, "Cr": 14, "Te": 30, "Mn": 38, "Sb": 20, "Nb": 63, "Ce": 29, "Se": 28, "Zn": 3, "Co": 8, "W": 91, "Al": 24, "Pb": 32, "Ge": 12, "Ac": 2, "Re": 7, "As": 24, "Ti": 96, "Cl": 24, "Ir": 2, "Cd": 1, "Mo": 130, "Ga": 4, "U": 23, "Tc": 8, "Bi": 24, "Ag": 14, "P": 44, "Hf": 12, "C": 4, "Rh": 2, "N": 14, "Cu": 16, "I": 8, "Fe": 16, "Ba": 1, "Ru": 2, "Sn": 22, "Pa": 1, "Sr": 1, "Zr": 8, "Pu": 17, "Be": 6, "La": 2, "Au": 4, "Rb": 2, "Eu": 1, "Yb": 1, "Ta": 4, "Ca": 1, "B": 6, "Hg": 7, "Na": 2, "Mg": 1, "K": 2, "Th": 1, "Pd": 2}}