{"PSE_Dict": {"Na": 0.22559300973141408, "V": 0.7212078405402961, "Te": 0.5573986899284487, "Al": 0.8379198526031152, "Sr": 0.2789210981203938, "Mn": 0.6415751510153105, "Nb": 0.8268342396819706, "Mo": 0.7953431710002609, "Tm": 0.510331187138331, "Li": 0.58309203033032, "W": 0.8560176003036674, "Yb": 0.49513109031930636, "Ge": 0.8613271243781088, "Bi": 0.3055336613702068, "Ti": 0.9179157496770777, "B": 0.8463963124772422, "Sn": 0.7554688781167557, "Rb": 0.09606080346282703, "Cd": 0.4455893538384007, "Ca": 0.281756789934238, "P": 0.9982434567991488, "Pd": 0.9479065887199155, "Lu": 0.5431583737352154, "Fe": 0.7312101924169447, "Ba": 0.2761381813431705, "Re": 0.7696411895424823, "Gd": 0.3985564679251888, "In": 0.7789423256214788, "Se": 0.8579014640428146, "Dy": 0.4719547268511849, "Ga": 0.8490793772831078, "I": 0.6121646402937321, "Cs": 0.1194910947677716, "Ce": 0.3509582957177081, "K": 0.09100676311600257, "Br": 0.7781254671437884, "Si": 0.9950351046915795, "U": 0.7518115163898356, "S": 0.9755742589574414, "Tb": 0.46589429613674926, "Cr": 0.752130187171995, "Ta": 0.8112039034033088, "Zn": 0.6960257220273792, "Cu": 0.54735076565737, "Au": 0.8504933519746233, "Y": 0.4575078507928076, "Hf": 0.7736746631197761, "Co": 0.6945089625241141, "Sc": 0.8857980597354782, "Be": 0.9427818664921996, "C": 0.9526798019791406, "Mg": 0.7659811931511284, "Pb": 0.2199603942576858, "Sb": 0.7013296409525667, "Ir": 0.9900531885096505, "La": 0.3462808495680216, "Ni": 0.8946345478446867, "Sm": 0.37539020628892067, "Eu": 0.4091863955483851, "N": 0.9434364197884522, "Hg": 0.4862709879118123, "Pu": 0.6582746125079877, "Tl": 0.24518696309505408, "Ho": 0.42612920690233314, "Er": 0.4644888283448994, "Pr": 0.36622767033695175, "Nd": 0.32535194433410053, "Zr": 0.6992129024004928, "As": 0.8455589089463534, "Ru": 0.9530762952817282, "Ag": 0.36088718562004324, "Rh": 0.9519485821996735, "Os": 0.8593487769559559, "Pt": 0.8552290156095569, "Cl": 0.8005790943883844, "Tc": 0.854747724245424, "Th": 0.5295463902623149, "Np": 0.7556054465853936, "Ac": 1.0, "Pa": 0.8345574460809416}, "Counter_cation": {"Na": 3512, "V": 2587, "Te": 1487, "Al": 1832, "Sr": 1854, "Mn": 1651, "Nb": 1309, "Mo": 2790, "Tm": 145, "Li": 2864, "W": 939, "Yb": 247, "Ge": 1422, "Bi": 1106, "Ti": 1438, "B": 3682, "Sn": 307, "Rb": 1236, "Cd": 620, "Ca": 2034, "P": 8685, "Pd": 122, "Lu": 236, "Fe": 1654, "Ba": 2618, "Re": 233, "Gd": 512, "In": 398, "Se": 1060, "Dy": 296, "Ga": 888, "I": 668, "Cs": 797, "Ce": 262, "K": 2911, "Br": 22, "Si": 5546, "U": 887, "S": 1221, "Tb": 292, "Cr": 836, "Ta": 765, "Zn": 1165, "Cu": 1184, "Au": 120, "Y": 724, "Hf": 113, "Co": 754, "Sc": 301, "Be": 340, "C": 380, "Mg": 779, "Pb": 879, "Sb": 647, "Ir": 143, "La": 1007, "Ni": 612, "Sm": 524, "Eu": 386, "N": 939, "Hg": 317, "Pu": 31, "Tl": 439, "Ho": 293, "Er": 419, "Pr": 506, "Nd": 853, "Zr": 393, "As": 991, "Ru": 347, "Ag": 665, "Rh": 157, "Os": 78, "Pt": 87, "Cl": 137, "Tc": 37, "Th": 90, "Np": 32, "Ac": 2, "Pa": 2}}