{"PSE_Dict": {"Pr": 0.3642969395241608, "Te": 0.5622006312151974, "Mo": 0.7937691262774512, "Li": 0.5788430016674498, "In": 0.7697059780299722, "Re": 0.7909840768301113, "Ca": 0.2823376988918905, "V": 0.719666445332178, "La": 0.34611703153986173, "Ge": 0.8602289593757011, "Cd": 0.44740595119900917, "Mn": 0.6372365847091626, "Dy": 0.470613963589821, "I": 0.5955098874152528, "B": 0.846028541038907, "Ba": 0.2692069184672699, "Gd": 0.401736291132278, "Cs": 0.12956686196804912, "C": 0.9494288570722019, "Y": 0.44940787981307057, "Si": 0.9941878833102359, "P": 0.9981953916178715, "K": 0.09299260288143653, "W": 0.8488270243089484, "Sr": 0.27927494900431715, "Lu": 0.53766143586585, "Ir": 0.989565900773765, "Na": 0.2263246085604869, "Hf": 0.7568768479396359, "Mg": 0.764693703846058, "Cr": 0.7499719035686432, "Cu": 0.552085533453607, "Sb": 0.6997110596308825, "Ga": 0.8512402247860641, "Rb": 0.0981915171052365, "Zn": 0.7005629631046162, "Nb": 0.8297361312822154, "Al": 0.8362099833403692, "Bi": 0.30986836032334936, "U": 0.7742057114224311, "Os": 0.8539637954941799, "Tb": 0.46999817772432245, "Nd": 0.3282112199314653, "Sc": 0.8820818195894099, "Tl": 0.2531245256255049, "Eu": 0.4064278328930428, "Ho": 0.42474346514783917, "Co": 0.6920646978133392, "Rh": 1.0, "Sn": 0.7486994014335718, "As": 0.8495815358550457, "Fe": 0.7327390261311509, "Ni": 0.8979702128629807, "Pb": 0.220356169251631, "Ta": 0.8282965071514546, "N": 0.9440200022449916, "Ti": 0.9105071428520941, "Cl": 0.8005790943883844, "Se": 0.8602856674157763, "Pd": 0.9479065887199155, "S": 0.9751971625364697, "Zr": 0.6925628979692272, "Ru": 0.9503471379632056, "Yb": 0.4986135292323526, "Sm": 0.37369391198990454, "Ce": 0.34995415977178457, "Th": 0.5295463902623148, "Er": 0.46822241788267094, "Au": 0.9024507387268293, "Ag": 0.36923239873811764, "Hg": 0.4944389120291415, "Pt": 0.8552290156095569, "Tm": 0.5270382873873005, "Pa": 0.8345574460809416, "Be": 0.9425380626930703, "Pu": 0.6582746125079877, "Br": 0.7781254671437884, "Tc": 0.8514228596421365, "Ac": 1.0, "Np": 0.7674474836563504}, "Counter_cation": {"Pr": 493, "Te": 1462, "Mo": 2656, "Li": 2717, "In": 376, "Re": 205, "Ca": 1914, "V": 2436, "La": 980, "Ge": 1351, "Cd": 615, "Mn": 1499, "Dy": 290, "I": 614, "B": 3616, "Ba": 2443, "Gd": 504, "Cs": 767, "C": 349, "Y": 692, "Si": 4608, "P": 8421, "K": 2816, "W": 819, "Sr": 1779, "Lu": 228, "Ir": 135, "Na": 3422, "Hf": 101, "Mg": 761, "Cr": 806, "Cu": 1092, "Sb": 637, "Ga": 870, "Rb": 1200, "Zn": 1123, "Nb": 1145, "Al": 1650, "Bi": 1068, "U": 828, "Os": 74, "Tb": 280, "Nd": 820, "Sc": 289, "Tl": 406, "Eu": 368, "Ho": 289, "Co": 685, "Rh": 119, "Sn": 295, "As": 977, "Fe": 1464, "Ni": 601, "Pb": 840, "Ta": 694, "N": 890, "Ti": 1173, "Cl": 137, "Se": 1034, "Pd": 122, "S": 1198, "Zr": 380, "Ru": 323, "Yb": 211, "Sm": 518, "Ce": 251, "Th": 90, "Er": 391, "Au": 112, "Ag": 638, "Hg": 311, "Pt": 87, "Tm": 137, "Pa": 2, "Be": 338, "Pu": 31, "Br": 22, "Tc": 35, "Ac": 2, "Np": 16}}