{"PSE_Dict": {"P": 3.999049994062463, "Cd": 6.287804878048781, "As": 3.9437052200614127, "Lu": 7.385964912280702, "Dy": 7.841379310344828, "Ta": 6.118155619596542, "Ge": 4.2642487046632125, "Cr": 4.836228287841191, "Mn": 5.711140760507004, "Rb": 7.315833333333333, "Ca": 7.601880877742946, "U": 6.700483091787439, "Zn": 4.5770258236865535, "Ni": 5.9267886855241265, "Gd": 7.839285714285714, "Te": 4.53625170998632, "B": 3.3462389380530975, "Fe": 5.570355191256831, "La": 8.951020408163265, "Ba": 9.80392959476054, "Ti": 5.926683716965047, "Co": 5.468613138686131, "Cs": 7.254237288135593, "V": 4.935139573070607, "Li": 4.715126978284873, "Se": 3.25531914893617, "Er": 7.5191815856777495, "W": 5.711843711843712, "Sm": 7.945945945945946, "Os": 5.797297297297297, "Sb": 5.318681318681318, "Bi": 7.022471910112359, "Eu": 8.119565217391305, "Ga": 4.4735632183908045, "Ag": 4.468652037617555, "Tl": 7.600985221674877, "N": 2.9617977528089887, "Mo": 4.8004518072289155, "K": 7.566051136363637, "Na": 6.25073056691993, "Al": 4.615757575757576, "Sr": 8.708825182686903, "Si": 4.007378472222222, "C": 2.9541547277936964, "Y": 7.381502890173411, "Sc": 6.117647058823529, "Pb": 7.464285714285714, "Nd": 8.251219512195123, "Ce": 7.98804780876494, "Tb": 7.878571428571429, "S": 3.978297161936561, "Hg": 3.922829581993569, "In": 5.898936170212766, "Cu": 4.197802197802198, "Ru": 5.931888544891641, "I": 4.358306188925082, "Mg": 5.721419185282523, "Nb": 5.795633187772926, "Ho": 7.501730103806229, "Rh": 6.0, "Pr": 8.699797160243408, "Au": 4.0, "Be": 3.93491124260355, "Yb": 7.649289099526066, "Hf": 6.396039603960396, "Pt": 5.747126436781609, "Sn": 5.627118644067797, "Zr": 6.510526315789473, "Tm": 7.2846715328467155, "Re": 5.278048780487805, "Cl": 3.613138686131387, "Ir": 5.985185185185185, "Th": 7.8, "Pd": 4.065573770491803, "Br": 3.0454545454545454, "Pu": 6.258064516129032, "Tc": 4.628571428571429, "Pa": 7.0, "Np": 7.25, "Ac": 8.0}, "Counter_cation": {"P": 8421, "Cd": 615, "As": 977, "Lu": 228, "Dy": 290, "Ta": 694, "Ge": 1351, "Cr": 806, "Mn": 1499, "Rb": 1200, "Ca": 1914, "U": 828, "Zn": 1123, "Ni": 601, "Gd": 504, "Te": 1462, "B": 3616, "Fe": 1464, "La": 980, "Ba": 2443, "Ti": 1173, "Co": 685, "Cs": 767, "V": 2436, "Li": 2717, "Se": 1034, "Er": 391, "W": 819, "Sm": 518, "Os": 74, "Sb": 637, "Bi": 1068, "Eu": 368, "Ga": 870, "Ag": 638, "Tl": 406, "N": 890, "Mo": 2656, "K": 2816, "Na": 3422, "Al": 1650, "Sr": 1779, "Si": 4608, "C": 349, "Y": 692, "Sc": 289, "Pb": 840, "Nd": 820, "Ce": 251, "Tb": 280, "S": 1198, "Hg": 311, "In": 376, "Cu": 1092, "Ru": 323, "I": 614, "Mg": 761, "Nb": 1145, "Ho": 289, "Rh": 119, "Pr": 493, "Au": 112, "Be": 338, "Yb": 211, "Hf": 101, "Pt": 87, "Sn": 295, "Zr": 380, "Tm": 137, "Re": 205, "Cl": 137, "Ir": 135, "Th": 90, "Pd": 122, "Br": 22, "Pu": 31, "Tc": 35, "Pa": 2, "Np": 16, "Ac": 2}}