{"PSE_Dict": {"Cs": 0.1295668619680488, "Ta": 0.8282965071514545, "P": 0.9981953916178715, "Ti": 0.9105071428520941, "Ba": 0.2692069184672699, "Ge": 0.8602289593757011, "Tb": 0.46999817772432245, "Ho": 0.4247434651478392, "I": 0.5955098874152527, "Be": 0.9425380626930703, "B": 0.846028541038907, "Rb": 0.0981915171052368, "W": 0.8488270243089484, "Ru": 0.9503471379632056, "Yb": 0.4986135292323527, "Zn": 0.7005629631046162, "Pt": 0.8552290156095569, "Sc": 0.8820818195894099, "As": 0.8495815358550457, "V": 0.719666445332178, "Si": 0.9941878833102359, "Ca": 0.28233769889189037, "C": 0.9494288570722019, "Na": 0.2263246085604866, "S": 0.9751971625364697, "Fe": 0.7327390261311509, "Er": 0.468222417882671, "Bi": 0.30986836032334925, "Sb": 0.6997110596308825, "Co": 0.6920646978133392, "Te": 0.5622006312151974, "U": 0.7742057114224311, "Cu": 0.552085533453607, "Pb": 0.22035616925163115, "La": 0.3461170315398617, "Dy": 0.470613963589821, "Mn": 0.6372365847091626, "Li": 0.5788430016674498, "K": 0.09299260288143682, "Mo": 0.7937691262774512, "Al": 0.8362099833403692, "Cr": 0.7499719035686432, "Ni": 0.8979702128629807, "Pr": 0.3642969395241609, "Y": 0.44940787981307057, "Sr": 0.27927494900431743, "Nb": 0.8297361312822154, "Ag": 0.3692323987381178, "Nd": 0.3282112199314653, "Gd": 0.40173629113227793, "Sm": 0.37369391198990454, "Cl": 0.8005790943883844, "Tl": 0.25312452562550475, "Eu": 0.4064278328930428, "Re": 0.7909840768301113, "Ga": 0.8512402247860641, "In": 0.7697059780299722, "Cd": 0.44740595119900906, "Os": 0.8539637954941799, "Mg": 0.7646937038460582, "Lu": 0.53766143586585, "Ce": 0.34995415977178435, "Hg": 0.4944389120291414, "Au": 0.9024507387268293, "Ir": 0.989565900773765, "Tm": 0.5270382873873005, "Pd": 0.9479065887199155, "Rh": 1.0, "Sn": 0.7486994014335718, "Zr": 0.6925628979692272, "N": 0.9440200022449916, "Se": 0.8602856674157763, "Br": 0.7781254671437884, "Ac": 1.0, "Tc": 0.8514228596421365, "Pu": 0.6582746125079877, "Th": 0.5295463902623148, "Hf": 0.7568768479396359, "Np": 0.7674474836563504, "Pa": 0.8345574460809416}, "Counter_cation": {"Cs": 767, "Ta": 694, "P": 8421, "Ti": 1173, "Ba": 2443, "Ge": 1351, "Tb": 280, "Ho": 289, "I": 614, "Be": 338, "B": 3616, "Rb": 1200, "W": 819, "Ru": 323, "Yb": 211, "Zn": 1123, "Pt": 87, "Sc": 289, "As": 977, "V": 2436, "Si": 4608, "Ca": 1914, "C": 349, "Na": 3422, "S": 1198, "Fe": 1464, "Er": 391, "Bi": 1068, "Sb": 637, "Co": 685, "Te": 1462, "U": 828, "Cu": 1092, "Pb": 840, "La": 980, "Dy": 290, "Mn": 1499, "Li": 2717, "K": 2816, "Mo": 2656, "Al": 1650, "Cr": 806, "Ni": 601, "Pr": 493, "Y": 692, "Sr": 1779, "Nb": 1145, "Ag": 638, "Nd": 820, "Gd": 504, "Sm": 518, "Cl": 137, "Tl": 406, "Eu": 368, "Re": 205, "Ga": 870, "In": 376, "Cd": 615, "Os": 74, "Mg": 761, "Lu": 228, "Ce": 251, "Hg": 311, "Au": 112, "Ir": 135, "Tm": 137, "Pd": 122, "Rh": 119, "Sn": 295, "Zr": 380, "N": 890, "Se": 1034, "Br": 22, "Ac": 2, "Tc": 35, "Pu": 31, "Th": 90, "Hf": 101, "Np": 16, "Pa": 2}}