{"PSE_Dict": {"Mn": 0.6372365847091624, "Er": 0.4682224178826711, "Pr": 0.3642969395241609, "Eu": 0.40642783289304274, "Sb": 0.6997110596308825, "Si": 0.9941878833102359, "Bi": 0.30986836032334925, "Sm": 0.37369391198990454, "Se": 0.8602856674157763, "V": 0.719666445332178, "La": 0.34611703153986173, "Na": 0.22632460856048647, "Ti": 0.9105071428520941, "K": 0.09299260288143667, "Ni": 0.8979702128629807, "I": 0.5955098874152527, "Al": 0.8362099833403692, "Ce": 0.34995415977178435, "Li": 0.57884300166745, "In": 0.7697059780299722, "B": 0.846028541038907, "Nb": 0.8297361312822154, "Ag": 0.3692323987381178, "Sr": 0.27927494900431715, "Cu": 0.552085533453607, "Te": 0.5622006312151973, "Ho": 0.4247434651478392, "Mo": 0.7937691262774512, "P": 0.9981953916178715, "Ga": 0.8512402247860641, "Ba": 0.26920691846727, "Cr": 0.7499719035686432, "Dy": 0.470613963589821, "Ca": 0.28233769889189037, "Co": 0.6920646978133392, "Ir": 0.989565900773765, "Hg": 0.4944389120291414, "Ru": 0.9503471379632056, "Be": 0.9425380626930703, "Zr": 0.6925628979692272, "Hf": 0.756876847939636, "Y": 0.4494078798130706, "Ge": 0.8602289593757011, "Cd": 0.44740595119900917, "W": 0.8488270243089484, "Fe": 0.7327390261311509, "Tl": 0.25312452562550475, "Zn": 0.7005629631046162, "As": 0.8495815358550457, "Cs": 0.12956686196804895, "Pt": 0.8552290156095569, "S": 0.9751971625364697, "Tm": 0.5270382873873005, "Tb": 0.4699981777243225, "Rb": 0.09819151710523666, "N": 0.9440200022449916, "U": 0.7742057114224311, "Pd": 0.9479065887199155, "Mg": 0.764693703846058, "Ta": 0.8282965071514546, "Yb": 0.4986135292323526, "Cl": 0.8005790943883844, "Nd": 0.3282112199314651, "C": 0.9494288570722019, "Re": 0.7909840768301114, "Pb": 0.22035616925163085, "Os": 0.8539637954941799, "Sn": 0.7486994014335718, "Au": 0.9024507387268293, "Th": 0.5295463902623148, "Sc": 0.8820818195894099, "Gd": 0.401736291132278, "Rh": 1.0, "Np": 0.7674474836563504, "Lu": 0.53766143586585, "Pu": 0.6582746125079877, "Br": 0.7781254671437884, "Tc": 0.8514228596421365, "Pa": 0.8345574460809416, "Ac": 1.0}, "Counter_cation": {"Mn": 1499, "Er": 391, "Pr": 493, "Eu": 368, "Sb": 637, "Si": 4608, "Bi": 1068, "Sm": 518, "Se": 1034, "V": 2436, "La": 980, "Na": 3422, "Ti": 1173, "K": 2816, "Ni": 601, "I": 614, "Al": 1650, "Ce": 251, "Li": 2717, "In": 376, "B": 3616, "Nb": 1145, "Ag": 638, "Sr": 1779, "Cu": 1092, "Te": 1462, "Ho": 289, "Mo": 2656, "P": 8421, "Ga": 870, "Ba": 2443, "Cr": 806, "Dy": 290, "Ca": 1914, "Co": 685, "Ir": 135, "Hg": 311, "Ru": 323, "Be": 338, "Zr": 380, "Hf": 101, "Y": 692, "Ge": 1351, "Cd": 615, "W": 819, "Fe": 1464, "Tl": 406, "Zn": 1123, "As": 977, "Cs": 767, "Pt": 87, "S": 1198, "Tm": 137, "Tb": 280, "Rb": 1200, "N": 890, "U": 828, "Pd": 122, "Mg": 761, "Ta": 694, "Yb": 211, "Cl": 137, "Nd": 820, "C": 349, "Re": 205, "Pb": 840, "Os": 74, "Sn": 295, "Au": 112, "Th": 90, "Sc": 289, "Gd": 504, "Rh": 119, "Np": 16, "Lu": 228, "Pu": 31, "Br": 22, "Tc": 35, "Pa": 2, "Ac": 2}}